Date,TD1,TD2,DT1,DT2,PR1,PR2
13/02/2017,183,129,158,99,199.81,134.2319625
14/02/2017,182.4705882,128.5294118,157.7647059,98.88235294,199.81,135.8467288
15/02/2017,181.9411765,128.0588235,157.5294118,98.76470588,199.81,136.088474
16/02/2017,181.4117647,127.5882353,157.2941176,98.64705882,199.81,134.8188677
17/02/2017,180.8823529,127.1176471,157.0588235,98.52941176,199.81,135.7004562
18/02/2017,180.3529412,126.6470588,156.8235294,98.41176471,199.81,136.5820448
19/02/2017,179.8235294,126.1764706,156.5882353,98.29411765,199.81,137.4636333
20/02/2017,179.2941176,125.7058824,156.3529412,98.17647059,199.81,138.3452218
21/02/2017,178.7647059,125.2352941,156.1176471,98.05882353,199.81,137.216845
22/02/2017,178.2352941,124.7647059,155.8823529,97.94117647,199.81,137.9702434
23/02/2017,177.7058824,124.2941176,155.6470588,97.82352941,199.81,137.028014
24/02/2017,177.1764706,123.8235294,155.4117647,97.70588235,199.81,136.902417
25/02/2017,176.6470588,123.3529412,155.1764706,97.58823529,199.81,136.77682
26/02/2017,176.1176471,122.8823529,154.9411765,97.47058824,199.81,136.651223
27/02/2017,175.5882353,122.4117647,154.7058824,97.35294118,199.81,136.525626
28/02/2017,175.0588235,121.9411765,154.4705882,97.23529412,199.81,137.0603324
1/3/2017,174.5294118,121.4705882,154.2352941,97.11764706,199.81,138.4137609
2/3/2017,174,121,154,97,199.81,138.3688011
3/3/2017,175,122.2857143,153.8571429,97.14285714,199.81,138.7009655
4/3/2017,176,123.5714286,153.7142857,97.28571429,199.81,139.0331299
5/3/2017,177,124.8571429,153.5714286,97.42857143,199.81,139.3652943
6/3/2017,178,126.1428571,153.4285714,97.57142857,199.81,139.6974587
7/3/2017,179,127.4285714,153.2857143,97.71428571,199.81,137.9096317
8/3/2017,180,128.7142857,153.1428571,97.85714286,199.81,140.1167811
9/3/2017,181,130,153,98,199.81,139.6841136
10/3/2017,182.1428571,131.5714286,153.7142857,99,199.81,138.8927499
11/3/2017,183.2857143,133.1428571,154.4285714,100,199.81,138.1013862
12/3/2017,184.4285714,134.7142857,155.1428571,101,199.81,137.3100225
13/03/2017,185.5714286,136.2857143,155.8571429,102,199.81,136.5186588
14/03/2017,186.7142857,137.8571429,156.5714286,103,199.81,137.8978734
15/03/2017,187.8571429,139.4285714,157.2857143,104,199.81,138.5542144
16/03/2017,189,141,158,105,199.81,138.063327
17/03/2017,187.5714286,138.7142857,157.4285714,103.5714286,199.81,137.5724395
18/03/2017,186.1428571,136.4285714,156.8571429,102.1428571,199.81,137.0815521
19/03/2017,184.7142857,134.1428571,156.2857143,100.7142857,199.81,136.5906646
20/03/2017,183.2857143,131.8571429,155.7142857,99.28571429,199.81,136.0997772
21/03/2017,181.8571429,129.5714286,155.1428571,97.85714286,199.81,138.1915405
22/03/2017,180.4285714,127.2857143,154.5714286,96.42857143,199.81,139.5407236
23/03/2017,179,125,154,95,199.81,139.8446521
24/03/2017,180.2857143,126.2857143,154,95.28571429,198.9771429,139.5013278
25/03/2017,181.5714286,127.5714286,154,95.57142857,198.1442857,139.1580035
26/03/2017,182.8571429,128.8571429,154,95.85714286,197.3114286,138.8146791
27/03/2017,184.1428571,130.1428571,154,96.14285714,196.4785714,138.4713548
28/03/2017,185.4285714,131.4285714,154,96.42857143,195.6457143,139.9489327
29/03/2017,186.7142857,132.7142857,154,96.71428571,194.8128571,139.820763
30/03/2017,188,134,154,97,193.98,141.4422484
31/03/2017,186.8571429,133,153.8571429,96.85714286,193.98,140.7768233
1/4/2017,185.7142857,132,153.7142857,96.71428571,193.98,140.1113982
2/4/2017,184.5714286,131,153.5714286,96.57142857,193.98,139.445973
3/4/2017,183.4285714,130,153.4285714,96.42857143,193.98,138.7805479
4/4/2017,182.2857143,129,153.2857143,96.28571429,193.98,139.1915967
5/4/2017,181.1428571,128,153.1428571,96.14285714,193.98,139.2607402
6/4/2017,180,127,153,96,193.98,140.1260967
7/4/2017,182.5714286,130.2857143,153.4285714,97,193.98,142.9339215
8/4/2017,185.1428571,133.5714286,153.8571429,98,193.98,145.7417463
9/4/2017,187.7142857,136.8571429,154.2857143,99,193.98,148.5495711
10/4/2017,190.2857143,140.1428571,154.7142857,100,193.98,151.3573959
11/4/2017,192.8571429,143.4285714,155.1428571,101,193.98,138.407974
12/4/2017,195.4285714,146.7142857,155.5714286,102,193.98,140.1702209
13/04/2017,198,150,156,103,193.98,138.711574
14/04/2017,196.7142857,148.5714286,155.7142857,102.5714286,193.98,139.2314507
15/04/2017,195.4285714,147.1428571,155.4285714,102.1428571,193.98,139.7513274
16/04/2017,194.1428571,145.7142857,155.1428571,101.7142857,193.98,140.271204
17/04/2017,192.8571429,144.2857143,154.8571429,101.2857143,193.98,140.7910807
18/04/2017,191.5714286,142.8571429,154.5714286,100.8571429,193.98,141.3109574
19/04/2017,190.2857143,141.4285714,154.2857143,100.4285714,193.98,140.4460481
20/04/2017,189,140,154,100,193.98,139.9385635
21/04/2017,189.25,140.2857143,154.0357143,100.0714286,193.98,140.2254202
22/04/2017,189.5,140.5714286,154.0714286,100.1428571,193.98,140.512277
23/04/2017,189.75,140.8571429,154.1071429,100.2142857,193.98,140.7991337
24/04/2017,190,141.1428571,154.1428571,100.2857143,193.98,141.0859904
25/04/2017,190.25,141.4285714,154.1785714,100.3571429,193.98,140.126161
26/04/2017,190.5,141.7142857,154.2142857,100.4285714,193.98,139.3874166
27/04/2017,190.75,142,154.25,100.5,193.98,141.4517721
28/04/2017,191,142.2857143,154.2857143,100.5714286,193.98,140.7743253
29/04/2017,191.25,142.5714286,154.3214286,100.6428571,193.98,140.0968785
30/04/2017,191.5,142.8571429,154.3571429,100.7142857,193.98,139.4194318
1/5/2017,191.75,143.1428571,154.3928571,100.7857143,193.98,138.741985
2/5/2017,192,143.4285714,154.4285714,100.8571429,193.98,139.936812
3/5/2017,192.25,143.7142857,154.4642857,100.9285714,193.98,138.1187764
4/5/2017,192.5,144,154.5,101,193.98,138.8712816
5/5/2017,192.75,144.2857143,154.5357143,101.0714286,193.98,138.790717
6/5/2017,193,144.5714286,154.5714286,101.1428571,193.98,138.7101524
7/5/2017,193.25,144.8571429,154.6071429,101.2142857,193.98,138.6295877
8/5/2017,193.5,145.1428571,154.6428571,101.2857143,193.98,138.5490231
9/5/2017,193.75,145.4285714,154.6785714,101.3571429,193.98,139.4598071
10/5/2017,194,145.7142857,154.7142857,101.4285714,193.98,139.1190227
11/5/2017,194.25,146,154.75,101.5,193.98,140.7885215
12/5/2017,194.5,146.2857143,154.7857143,101.5714286,193.98,140.5489478
13/05/2017,194.75,146.5714286,154.8214286,101.6428571,193.98,140.3093742
14/05/2017,195,146.8571429,154.8571429,101.7142857,193.98,140.0698005
15/05/2017,195.25,147.1428571,154.8928571,101.7857143,193.98,139.8302268
16/05/2017,195.5,147.4285714,154.9285714,101.8571429,193.98,140.2055094
17/05/2017,195.75,147.7142857,154.9642857,101.9285714,193.98,139.6461607
18/05/2017,196,148,155,102,193.98,139.6367869
19/05/2017,196.2857143,147.7142857,154.8571429,101.4285714,193.98,139.4877014
20/05/2017,196.5714286,147.4285714,154.7142857,100.8571429,193.98,140.1406166
21/05/2017,196.8571429,147.1428571,154.5714286,100.2857143,193.98,139.1562515
22/05/2017,197.1428571,146.8571429,154.4285714,99.71428571,193.98,140.2494822
23/05/2017,197.4285714,146.5714286,154.2857143,99.14285714,193.98,140.976242
24/05/2017,197.7142857,146.2857143,154.1428571,98.57142857,193.98,140.4805981
25/05/2017,198,146,154,98,193.98,141.3293163
26/05/2017,196.8571429,145.2857143,153.8571429,98.42857143,193.98,141.1423321
27/05/2017,195.7142857,144.5714286,153.7142857,98.85714286,193.98,140.9553479
28/05/2017,194.5714286,143.8571429,153.5714286,99.28571429,193.98,140.7683637
29/05/2017,193.4285714,143.1428571,153.4285714,99.71428571,193.98,140.5813795
30/05/2017,192.2857143,142.4285714,153.2857143,100.1428571,193.98,140.5506729
31/05/2017,191.1428571,141.7142857,153.1428571,100.5714286,193.98,141.635727
1/6/2017,190,141,153,101,193.98,142.9177814
2/6/2017,190.1428571,141.2857143,153,100.8571429,193.98,142.808879
3/6/2017,190.2857143,141.5714286,153,100.7142857,193.98,142.6999766
4/6/2017,190.4285714,141.8571429,153,100.5714286,193.98,142.5910741
5/6/2017,190.5714286,142.1428571,153,100.4285714,193.98,142.4821717
6/6/2017,190.7142857,142.4285714,153,100.2857143,193.98,140.662852
7/6/2017,190.8571429,142.7142857,153,100.1428571,193.98,140.6475325
8/6/2017,191,143,153,100,193.98,140.9681846
9/6/2017,191,142.7142857,152.8571429,99.85714286,193.98,140.7672001
10/6/2017,191,142.4285714,152.7142857,99.71428571,193.98,140.5662157
11/6/2017,191,142.1428571,152.5714286,99.57142857,193.98,140.3652312
12/6/2017,191,141.8571429,152.4285714,99.42857143,193.98,140.1642467
13/06/2017,191,141.5714286,152.2857143,99.28571429,193.98,141.0500511
14/06/2017,191,141.2857143,152.1428571,99.14285714,193.98,142.2399227
15/06/2017,191,141,152,99,193.98,143.4181225
16/06/2017,191.0555556,141,152,98.94444444,193.98,142.6865046
17/06/2017,191.1111111,141,152,98.88888889,193.98,141.9548868
18/06/2017,191.1666667,141,152,98.83333333,193.98,141.2232689
19/06/2017,191.2222222,141,152,98.77777778,193.98,140.491651
20/06/2017,191.2777778,141,152,98.72222222,193.98,144.499709
21/06/2017,191.3333333,141,152,98.66666667,193.98,143.2081648
22/06/2017,191.3888889,141,152,98.61111111,193.98,142.3756345
23/06/2017,191.4444444,141,152,98.55555556,193.98,142.4841195
24/06/2017,191.5,141,152,98.5,193.98,142.5926046
25/06/2017,191.5555556,141,152,98.44444444,193.98,142.7010896
26/06/2017,191.6111111,141,152,98.38888889,193.98,142.8095746
27/06/2017,191.6666667,141,152,98.33333333,193.98,142.9180596
28/06/2017,191.7222222,141,152,98.27777778,193.98,143.0265447
29/06/2017,191.7777778,141,152,98.22222222,193.98,143.1350297
30/06/2017,191.8333333,141,152,98.16666667,193.98,141.517871
1/7/2017,191.8888889,141,152,98.11111111,193.98,142.3752267
2/7/2017,191.9444444,141,152,98.05555556,193.98,142.5229425
3/7/2017,192,141,152,98,193.98,143.8950174
4/7/2017,192.2857143,141.7142857,151.8571429,98.14285714,193.98,142.7402915
5/7/2017,192.5714286,142.4285714,151.7142857,98.28571429,193.98,141.5855656
6/7/2017,192.8571429,143.1428571,151.5714286,98.42857143,193.98,140.4308397
7/7/2017,193.1428571,143.8571429,151.4285714,98.57142857,193.98,140.8665106
8/7/2017,193.4285714,144.5714286,151.2857143,98.71428571,193.98,138.9381554
9/7/2017,193.7142857,145.2857143,151.1428571,98.85714286,193.98,140.1771196
10/7/2017,194,146,151,99,193.98,141.2825449
11/7/2017,194.5714286,146.1428571,151.4285714,98.85714286,193.98,140.7606848
12/7/2017,195.1428571,146.2857143,151.8571429,98.71428571,193.98,140.2388248
13/07/2017,195.7142857,146.4285714,152.2857143,98.57142857,193.98,139.7169647
14/07/2017,196.2857143,146.5714286,152.7142857,98.42857143,193.98,142.2772335
15/07/2017,196.8571429,146.7142857,153.1428571,98.28571429,193.98,140.7226133
16/07/2017,197.4285714,146.8571429,153.5714286,98.14285714,193.98,138.8176559
17/07/2017,198,147,154,98,193.98,140.4653972
18/07/2017,197.1428571,146.2857143,153.8571429,98,193.98,140.8180291
19/07/2017,196.2857143,145.5714286,153.7142857,98,193.98,141.170661
20/07/2017,195.4285714,144.8571429,153.5714286,98,193.98,141.5232929
21/07/2017,194.5714286,144.1428571,153.4285714,98,193.98,141.09277
22/07/2017,193.7142857,143.4285714,153.2857143,98,193.98,141.5712063
23/07/2017,192.8571429,142.7142857,153.1428571,98,193.98,139.8253283
24/07/2017,192,142,153,98,193.98,142.1592336
25/07/2017,192.2857143,142.4285714,152.8571429,98.14285714,193.98,141.7320586
26/07/2017,192.5714286,142.8571429,152.7142857,98.28571429,193.98,141.3048836
27/07/2017,192.8571429,143.2857143,152.5714286,98.42857143,193.98,140.8777086
28/07/2017,193.1428571,143.7142857,152.4285714,98.57142857,193.98,141.2757817
29/07/2017,193.4285714,144.1428571,152.2857143,98.71428571,193.98,141.2753705
30/07/2017,193.7142857,144.5714286,152.1428571,98.85714286,193.98,140.491766
31/07/2017,194,145,152,99,193.98,141.0934988
1/8/2017,193.8571429,144.7142857,152.1428571,98.85714286,193.98,141.4680871
2/8/2017,193.7142857,144.4285714,152.2857143,98.71428571,193.98,141.8426754
3/8/2017,193.5714286,144.1428571,152.4285714,98.57142857,193.98,142.2172637
4/8/2017,193.4285714,143.8571429,152.5714286,98.42857143,193.98,141.0937283
5/8/2017,193.2857143,143.5714286,152.7142857,98.28571429,193.98,140.4286423
6/8/2017,193.1428571,143.2857143,152.8571429,98.14285714,193.98,141.8070893
7/8/2017,193,143,153,98,193.98,139.8889378
8/8/2017,193.1428571,143.1428571,153,98,193.98,140.4250107
9/8/2017,193.2857143,143.2857143,153,98,193.98,140.9610837
10/8/2017,193.4285714,143.4285714,153,98,193.98,141.4971566
11/8/2017,193.5714286,143.5714286,153,98,193.98,141.1671381
12/8/2017,193.7142857,143.7142857,153,98,193.98,141.2888865
13/08/2017,193.8571429,143.8571429,153,98,193.98,141.3411554
14/08/2017,194,144,153,98,193.98,140.923789
15/08/2017,193.5714286,143.2857143,153.1428571,97.85714286,193.98,140.6708978
16/08/2017,193.1428571,142.5714286,153.2857143,97.71428571,193.98,140.4180067
17/08/2017,192.7142857,141.8571429,153.4285714,97.57142857,193.98,140.1651155
18/08/2017,192.2857143,141.1428571,153.5714286,97.42857143,193.98,140.3390309
19/08/2017,191.8571429,140.4285714,153.7142857,97.28571429,193.98,142.0707868
20/08/2017,191.4285714,139.7142857,153.8571429,97.14285714,193.98,141.9481914
21/08/2017,191,139,154,97,193.98,141.1865939
22/08/2017,190.4285714,138.7142857,153.5714286,97,193.98,141.7425049
23/08/2017,189.8571429,138.4285714,153.1428571,97,193.98,142.298416
24/08/2017,189.2857143,138.1428571,152.7142857,97,193.98,141.8615005
25/08/2017,188.7142857,137.8571429,152.2857143,97,193.98,141.2262898
26/08/2017,188.1428571,137.5714286,151.8571429,97,193.98,142.239939
27/08/2017,187.5714286,137.2857143,151.4285714,97,193.98,142.420986
28/08/2017,187,137,151,97,193.98,141.761724
29/08/2017,186.4285714,136.4285714,151.1428571,97.14285714,193.98,141.102462
30/08/2017,185.8571429,135.8571429,151.2857143,97.28571429,193.98,142.3553637
31/08/2017,185.2857143,135.2857143,151.4285714,97.42857143,193.98,140.9683284
1/9/2017,184.7142857,134.7142857,151.5714286,97.57142857,193.98,141.1945411
2/9/2017,184.1428571,134.1428571,151.7142857,97.71428571,193.98,140.7307135
3/9/2017,183.5714286,133.5714286,151.8571429,97.85714286,193.98,144.7772749
4/9/2017,183,133,152,98,193.98,143.2823813
5/9/2017,183.7142857,133.5714286,152.2857143,98,193.98,141.7874876
6/9/2017,184.4285714,134.1428571,152.5714286,98,193.98,140.292594
7/9/2017,185.1428571,134.7142857,152.8571429,98,193.98,138.6084172
8/9/2017,185.8571429,135.2857143,153.1428571,98,193.98,140.7528017
9/9/2017,186.5714286,135.8571429,153.4285714,98,193.98,141.4960908
10/9/2017,187.2857143,136.4285714,153.7142857,98,193.98,142.1510555
11/9/2017,188,137,154,98,193.98,141.215835
12/9/2017,187.7142857,136.7142857,153.8571429,98,193.98,140.2806146
13/09/2017,187.4285714,136.4285714,153.7142857,98,193.98,139.3453941
14/09/2017,187.1428571,136.1428571,153.5714286,98,193.98,138.6678632
15/09/2017,186.8571429,135.8571429,153.4285714,98,193.98,139.6474528
16/09/2017,186.5714286,135.5714286,153.2857143,98,193.98,141.2670127
17/09/2017,186.2857143,135.2857143,153.1428571,98,193.98,141.686109
18/09/2017,186,135,153,98,193.98,141.9747193
19/09/2017,186.5714286,135.5714286,153,98,193.98,142.2633295
20/09/2017,187.1428571,136.1428571,153,98,193.98,141.5309646
21/09/2017,187.7142857,136.7142857,153,98,193.98,140.4606641
22/09/2017,188.2857143,137.2857143,153,98,193.98,140.6335874
23/09/2017,188.8571429,137.8571429,153,98,193.98,139.4605598
24/09/2017,189.4285714,138.4285714,153,98,193.98,141.6797246
25/09/2017,190,139,153,98,193.98,141.3839283
26/09/2017,190.4285714,139.7142857,153.5714286,98.71428571,193.98,141.088132
27/09/2017,190.8571429,140.4285714,154.1428571,99.42857143,193.98,140.7923357
28/09/2017,191.2857143,141.1428571,154.7142857,100.1428571,193.98,142.3669919
29/09/2017,191.7142857,141.8571429,155.2857143,100.8571429,193.98,143.9107517
30/09/2017,192.1428571,142.5714286,155.8571429,101.5714286,193.98,141.34482
1/10/2017,192.5714286,143.2857143,156.4285714,102.2857143,193.98,140.3308283
2/10/2017,193,144,157,103,193.98,140.3089725
3/10/2017,191.4285714,141.7142857,156.1428571,101.7142857,193.98,140.2871168
4/10/2017,189.8571429,139.4285714,155.2857143,100.4285714,193.98,140.265261
5/10/2017,188.2857143,137.1428571,154.4285714,99.14285714,193.98,142.448276
6/10/2017,186.7142857,134.8571429,153.5714286,97.85714286,193.98,140.9525024
7/10/2017,185.1428571,132.5714286,152.7142857,96.57142857,193.98,142.067504
8/10/2017,183.5714286,130.2857143,151.8571429,95.28571429,193.98,143.6923455
9/10/2017,182,128,151,94,193.98,142.5480789
10/10/2017,196,148,160,107,193.98,141.4038124
11/10/2017,194.6923077,146.3846154,159.2307692,106.0769231,193.98,140.2595458
12/10/2017,193.3846154,144.7692308,158.4615385,105.1538462,193.98,142.0331869
13/10/2017,192.0769231,143.1538462,157.6923077,104.2307692,193.98,142.6215375
14/10/2017,190.7692308,141.5384615,156.9230769,103.3076923,193.98,141.9811024
15/10/2017,189.4615385,139.9230769,156.1538462,102.3846154,193.98,142.7165891
16/10/2017,188.1538462,138.3076923,155.3846154,101.4615385,193.98,141.9749075
17/10/2017,186.8461538,136.6923077,154.6153846,100.5384615,193.98,141.2332258
18/10/2017,185.5384615,135.0769231,153.8461538,99.61538462,193.98,140.4915442
19/10/2017,184.2307692,133.4615385,153.0769231,98.69230769,193.98,142.2454986
20/10/2017,182.9230769,131.8461538,152.3076923,97.76923077,193.98,141.1757775
21/10/2017,181.6153846,130.2307692,151.5384615,96.84615385,193.98,142.9400669
22/10/2017,180.3076923,128.6153846,150.7692308,95.92307692,193.98,143.8656364
23/10/2017,179,127,150,95,193.98,142.9800643
24/10/2017,179.1428571,127,150,94.85714286,193.98,142.0944923
25/10/2017,179.2857143,127,150,94.71428571,193.98,141.2089202
26/10/2017,179.4285714,127,150,94.57142857,193.98,141.7290844
27/10/2017,179.5714286,127,150,94.42857143,193.98,141.4295538
28/10/2017,179.7142857,127,150,94.28571429,193.98,142.6774576
29/10/2017,179.8571429,127,150,94.14285714,193.98,142.5975416
30/10/2017,180,127,150,94,193.98,142.5176256
31/10/2017,179.7,126.9,150,94.3,193.98,142.4377095
1/11/2017,179.4,126.8,150,94.6,193.98,142.3577935
2/11/2017,179.1,126.7,150,94.9,193.98,142.2778775
3/11/2017,178.8,126.6,150,95.2,193.98,142.1979615
4/11/2017,178.5,126.5,150,95.5,193.98,142.1180454
5/11/2017,178.2,126.4,150,95.8,193.98,142.0381294
6/11/2017,177.9,126.3,150,96.1,193.98,141.6322976
7/11/2017,177.6,126.2,150,96.4,193.98,141.8680821
8/11/2017,177.3,126.1,150,96.7,193.98,141.915251
9/11/2017,177,126,150,97,193.98,142.0088743
10/11/2017,176.7142857,125.4285714,150,96.71428571,193.98,142.1024977
11/11/2017,176.4285714,124.8571429,150,96.42857143,193.98,142.196121
12/11/2017,176.1428571,124.2857143,150,96.14285714,193.98,142.2897443
13/11/2017,175.8571429,123.7142857,150,95.85714286,193.98,140.933066
14/11/2017,175.5714286,123.1428571,150,95.57142857,193.98,141.0452821
15/11/2017,175.2857143,122.5714286,150,95.28571429,193.98,141.7373048
16/11/2017,175,122,150,95,193.98,141.0859998
17/11/2017,176.1428571,123.4285714,150.2857143,95.28571429,193.98,140.4346948
18/11/2017,177.2857143,124.8571429,150.5714286,95.57142857,193.98,139.7833898
19/11/2017,178.4285714,126.2857143,150.8571429,95.85714286,193.98,139.1320848
20/11/2017,179.5714286,127.7142857,151.1428571,96.14285714,193.98,140.9349393
21/11/2017,180.7142857,129.1428571,151.4285714,96.42857143,193.98,144.4590203
22/11/2017,181.8571429,130.5714286,151.7142857,96.71428571,193.98,140.5885759
23/11/2017,183,132,152,97,193.98,140.4627744
24/11/2017,182.0909091,131,152,96.90909091,193.98,140.336973
25/11/2017,181.1818182,130,152,96.81818182,193.98,140.2111716
26/11/2017,180.2727273,129,152,96.72727273,193.98,140.0853701
27/11/2017,179.3636364,128,152,96.63636364,193.98,142.8051715
28/11/2017,178.4545455,127,152,96.54545455,193.98,141.2820769
29/11/2017,177.5454545,126,152,96.45454545,193.98,141.0900985
30/11/2017,176.6363636,125,152,96.36363636,193.98,142.435697
1/12/2017,175.7272727,124,152,96.27272727,193.98,141.5736044
2/12/2017,174.8181818,123,152,96.18181818,193.98,142.6165326
3/12/2017,173.9090909,122,152,96.09090909,193.98,140.463493
4/12/2017,173,121,152,96,193.98,140.4058017
5/12/2017,173.3,121.6,152,96.3,193.98,140.3481103
6/12/2017,173.6,122.2,152,96.6,193.98,140.290419
7/12/2017,173.9,122.8,152,96.9,193.98,140.2327277
8/12/2017,174.2,123.4,152,97.2,193.98,140.1750364
9/12/2017,174.5,124,152,97.5,193.98,140.117345
10/12/2017,174.8,124.6,152,97.8,193.98,140.0596537
11/12/2017,175.1,125.2,152,98.1,193.98,141.9488657
12/12/2017,175.4,125.8,152,98.4,193.98,142.6434425
13/12/2017,175.7,126.4,152,98.7,193.98,141.3813141
14/12/2017,176,127,152,99,193.98,141.150271
15/12/2017,177,128.4285714,153.2857143,100.5714286,193.98,140.9192278
16/12/2017,178,129.8571429,154.5714286,102.1428571,193.98,140.6881847
17/12/2017,179,131.2857143,155.8571429,103.7142857,193.98,140.4571415
18/12/2017,180,132.7142857,157.1428571,105.2857143,193.98,140.6525464
19/12/2017,181,134.1428571,158.4285714,106.8571429,193.98,141.9893097
20/12/2017,182,135.5714286,159.7142857,108.4285714,193.98,141.404392
21/12/2017,183,137,161,110,193.98,141.598252
22/12/2017,182.4285714,136,160.3571429,108.9285714,193.98,141.792112
23/12/2017,181.8571429,135,159.7142857,107.8571429,193.98,141.985972
24/12/2017,181.2857143,134,159.0714286,106.7857143,193.98,142.1798319
25/12/2017,180.7142857,133,158.4285714,105.7142857,193.98,142.3736919
26/12/2017,180.1428571,132,157.7857143,104.6428571,193.98,142.5675519
27/12/2017,179.5714286,131,157.1428571,103.5714286,193.98,142.7614119
28/12/2017,179,130,156.5,102.5,193.98,141.9398801
29/12/2017,178.4285714,129,155.8571429,101.4285714,193.98,144.7858423
30/12/2017,177.8571429,128,155.2142857,100.3571429,193.98,145.8929169
31/12/2017,177.2857143,127,154.5714286,99.28571429,193.98,142.1306297
1/1/2018,176.7142857,126,153.9285714,98.21428571,193.98,141.8318332
2/1/2018,176.1428571,125,153.2857143,97.14285714,193.98,139.1347149
3/1/2018,175.5714286,124,152.6428571,96.07142857,193.98,141.2925333
4/1/2018,175,123,152,95,193.98,141.1229128
5/1/2018,175.1428571,123.1428571,152,95.14285714,193.98,140.9532924
6/1/2018,175.2857143,123.2857143,152,95.28571429,193.98,140.7836719
7/1/2018,175.4285714,123.4285714,152,95.42857143,193.98,140.6140514
8/1/2018,175.5714286,123.5714286,152,95.57142857,193.98,141.234707
9/1/2018,175.7142857,123.7142857,152,95.71428571,193.98,141.5936125
10/1/2018,175.8571429,123.8571429,152,95.85714286,193.98,140.5431918
11/1/2018,176,124,152,96,193.98,141.3669399
12/1/2018,174.7142857,122.7142857,151.5714286,95.71428571,193.98,142.1906879
13/01/2018,173.4285714,121.4285714,151.1428571,95.42857143,193.98,143.014436
14/01/2018,172.1428571,120.1428571,150.7142857,95.14285714,193.98,143.8381841
15/01/2018,170.8571429,118.8571429,150.2857143,94.85714286,193.98,143.0355422
16/01/2018,169.5714286,117.5714286,149.8571429,94.57142857,193.98,145.5285152
17/01/2018,168.2857143,116.2857143,149.4285714,94.28571429,193.98,144.8320835
18/01/2018,165.9090909,116.7272727,148.8181818,96.63636364,189.7472727,144.1356518
19/01/2018,166.5454545,117.6363636,149.0909091,97.18181818,190.2763636,143.43922
20/01/2018,167.1818182,118.5454545,149.3636364,97.72727273,190.8054545,142.7427883
21/01/2018,167.8181818,119.4545455,149.6363636,98.27272727,191.3345455,142.0463566
22/01/2018,168.4545455,120.3636364,149.9090909,98.81818182,191.8636364,144.0952241
23/01/2018,169.0909091,121.2727273,150.1818182,99.36363636,192.3927273,141.8657152
24/01/2018,169.7272727,122.1818182,150.4545455,99.90909091,192.9218182,141.0914157
25/01/2018,170.3636364,123.0909091,150.7272727,100.4545455,193.4509091,140.5732249
26/01/2018,171,124,151,101,193.98,142.7013598
27/01/2018,170.2857143,123.1428571,150.8571429,100.5714286,193.1485714,142.4628303
28/01/2018,169.5714286,122.2857143,150.7142857,100.1428571,192.3171429,142.1759434
29/01/2018,168.8571429,121.4285714,150.5714286,99.71428571,191.4857143,141.8890565
30/01/2018,168.1428571,120.5714286,150.4285714,99.28571429,190.6542857,141.6021696
31/01/2018,167.4285714,119.7142857,150.2857143,98.85714286,189.8228571,144.3148555
1/2/2018,166.7142857,118.8571429,150.1428571,98.42857143,188.9914286,141.8978793
2/2/2018,166,118,150,98,188.16,142.7627136
3/2/2018,166.3571429,118.0714286,150,97.78571429,188.16,143.655381
4/2/2018,166.7142857,118.1428571,150,97.57142857,188.16,143.3838034
5/2/2018,167.0714286,118.2142857,150,97.35714286,188.16,143.1122258
6/2/2018,167.4285714,118.2857143,150,97.14285714,188.16,142.8406482
7/2/2018,167.7857143,118.3571429,150,96.92857143,188.16,144.1131805
8/2/2018,168.1428571,118.4285714,150,96.71428571,188.16,144.3558602
9/2/2018,168.5,118.5,150,96.5,188.16,141.9659037
10/2/2018,168.8571429,118.5714286,150,96.28571429,188.16,142.8547376
11/2/2018,169.2142857,118.6428571,150,96.07142857,188.16,142.6200144
12/2/2018,169.5714286,118.7142857,150,95.85714286,188.16,142.3852911
13/02/2018,169.9285714,118.7857143,150,95.64285714,188.16,142.1505679
14/02/2018,170.2857143,118.8571429,150,95.42857143,188.16,142.5363839
15/02/2018,170.6428571,118.9285714,150,95.21428571,188.16,142.2650759
16/02/2018,171,119,150,95,188.16,142.4323044
17/02/2018,171.5714286,120.1428571,150,95.42857143,188.16,143.5946609
18/02/2018,172.1428571,121.2857143,150,95.85714286,188.16,143.2427236
19/02/2018,172.7142857,122.4285714,150,96.28571429,188.16,142.8907862
20/02/2018,173.2857143,123.5714286,150,96.71428571,188.16,142.5388489
21/02/2018,173.8571429,124.7142857,150,97.14285714,188.16,144.0167835
22/02/2018,174.4285714,125.8571429,150,97.57142857,188.16,141.74225
23/02/2018,175,127,150,98,188.16,146.0635144
24/02/2018,175.8571429,127.4285714,150.2857143,97.71428571,189.8242857,145.5422712
25/02/2018,176.7142857,127.8571429,150.5714286,97.42857143,191.4885714,144.3362177
26/02/2018,177.5714286,128.2857143,150.8571429,97.14285714,193.1528571,143.1301643
27/02/2018,178.4285714,128.7142857,151.1428571,96.85714286,194.8171429,141.9241108
28/02/2018,179.2857143,129.1428571,151.4285714,96.57142857,196.4814286,143.5019374
1/3/2018,180.1428571,129.5714286,151.7142857,96.28571429,198.1457143,144.4358729
2/3/2018,181,130,152,96,199.81,144.1775143
3/3/2018,180.7142857,129.5714286,151.8571429,95.85714286,199.81,145.2673121
4/3/2018,180.4285714,129.1428571,151.7142857,95.71428571,199.81,142.7324692
5/3/2018,180.1428571,128.7142857,151.5714286,95.57142857,199.81,140.1976264
6/3/2018,179.8571429,128.2857143,151.4285714,95.42857143,199.81,137.6627835
7/3/2018,179.5714286,127.8571429,151.2857143,95.28571429,199.81,138.1908138
8/3/2018,179.2857143,127.4285714,151.1428571,95.14285714,199.81,138.8096463
9/3/2018,179,127,151,95,199.81,137.6467288
10/3/2018,178.8571429,126.8571429,150.7142857,95,198.9771429,138.0961395
11/3/2018,178.7142857,126.7142857,150.4285714,95,198.1442857,138.5455503
12/3/2018,178.5714286,126.5714286,150.1428571,95,197.3114286,138.994961
13/03/2018,178.4285714,126.4285714,149.8571429,95,196.4785714,139.4443717
14/03/2018,178.2857143,126.2857143,149.5714286,95,195.6457143,141.1410622
15/03/2018,178.1428571,126.1428571,149.2857143,95,194.8128571,140.5125857
16/03/2018,178,126,149,95,193.98,139.7654432
17/03/2018,178.9,126.9,149.2,95.1,193.98,140.8582294
18/03/2018,179.8,127.8,149.4,95.2,193.98,141.381381
19/03/2018,180.7,128.7,149.6,95.3,193.98,141.9045325
20/03/2018,181.6,129.6,149.8,95.4,193.98,142.4276841
21/03/2018,182.5,130.5,150,95.5,193.98,140.1185937
22/03/2018,183.4,131.4,150.2,95.6,193.98,139.7668941
23/03/2018,184.3,132.3,150.4,95.7,193.98,138.6750022
24/03/2018,185.2,133.2,150.6,95.8,193.98,138.2856131
25/03/2018,186.1,134.1,150.8,95.9,193.98,138.4515626
26/03/2018,187,135,151,96,193.98,138.6175121
27/03/2018,187.2857143,136.2857143,150.8571429,96.85714286,193.98,138.7834616
28/03/2018,187.5714286,137.5714286,150.7142857,97.71428571,193.98,138.9494112
29/03/2018,187.8571429,138.8571429,150.5714286,98.57142857,193.98,139.1153607
30/03/2018,188.1428571,140.1428571,150.4285714,99.42857143,193.98,139.2813102
31/03/2018,188.4285714,141.4285714,150.2857143,100.2857143,193.98,139.4472597
1/4/2018,188.7142857,142.7142857,150.1428571,101.1428571,193.98,140.2667632
2/4/2018,189,144,150,102,193.98,140.792959
3/4/2018,188.9693878,143.9183673,149.9693878,101.9285714,193.9206122,138.696155
4/4/2018,188.9387755,143.8367347,149.9387755,101.8571429,193.8612245,139.1754032
5/4/2018,188.9081633,143.755102,149.9081633,101.7857143,193.8018367,139.6546514
6/4/2018,188.877551,143.6734694,149.877551,101.7142857,193.742449,140.1338996
7/4/2018,188.8469388,143.5918367,149.8469388,101.6428571,193.6830612,140.6131478
8/4/2018,188.8163265,143.5102041,149.8163265,101.5714286,193.6236735,144.0691825
9/4/2018,188.7857143,143.4285714,149.7857143,101.5,193.5642857,140.3191759
10/4/2018,188.755102,143.3469388,149.755102,101.4285714,193.504898,139.9309873
11/4/2018,188.7244898,143.2653061,149.7244898,101.3571429,193.4455102,139.9069392
12/4/2018,188.6938776,143.1836735,149.6938776,101.2857143,193.3861224,139.8828911
13/04/2018,188.6632653,143.1020408,149.6632653,101.2142857,193.3267347,139.8588431
14/04/2018,188.6326531,143.0204082,149.6326531,101.1428571,193.2673469,139.834795
15/04/2018,188.6020408,142.9387755,149.6020408,101.0714286,193.2079592,139.8107469
16/04/2018,188.5714286,142.8571429,149.5714286,101,193.1485714,141.6469473
17/04/2018,188.5408163,142.7755102,149.5408163,100.9285714,193.0891837,141.6575687
18/04/2018,188.5102041,142.6938776,149.5102041,100.8571429,193.0297959,141.4559794
19/04/2018,188.4795918,142.6122449,149.4795918,100.7857143,192.9704082,144.6173081
20/04/2018,188.4489796,142.5306122,149.4489796,100.7142857,192.9110204,139.9721018
21/04/2018,188.4183673,142.4489796,149.4183673,100.6428571,192.8516327,139.5151741
22/04/2018,188.3877551,142.3673469,149.3877551,100.5714286,192.7922449,139.8592787
23/04/2018,188.3571429,142.2857143,149.3571429,100.5,192.7328571,140.2033833
24/04/2018,188.3265306,142.2040816,149.3265306,100.4285714,192.6734694,140.5474879
25/04/2018,188.2959184,142.122449,149.2959184,100.3571429,192.6140816,142.300817
26/04/2018,188.2653061,142.0408163,149.2653061,100.2857143,192.5546939,139.619026
27/04/2018,188.2346939,141.9591837,149.2346939,100.2142857,192.4953061,141.6722889
28/04/2018,188.2040816,141.877551,149.2040816,100.1428571,192.4359184,141.923082
29/04/2018,188.1734694,141.7959184,149.1734694,100.0714286,192.3765306,140.820582
30/04/2018,188.1428571,141.7142857,149.1428571,100,192.3171429,139.7180821
1/5/2018,188.1122449,141.6326531,149.1122449,99.92857143,192.2577551,138.6155821
2/5/2018,188.0816327,141.5510204,149.0816327,99.85714286,192.1983673,140.9417308
3/5/2018,188.0510204,141.4693878,149.0510204,99.78571429,192.1389796,142.068873
4/5/2018,188.0204082,141.3877551,149.0204082,99.71428571,192.0795918,141.8097118
5/5/2018,187.9897959,141.3061224,148.9897959,99.64285714,192.0202041,140.5127788
6/5/2018,187.9591837,141.2244898,148.9591837,99.57142857,191.9608163,140.7554743
7/5/2018,187.9285714,141.1428571,148.9285714,99.5,191.9014286,140.9981697
8/5/2018,187.8979592,141.0612245,148.8979592,99.42857143,191.8420408,141.2408652
9/5/2018,187.8673469,140.9795918,148.8673469,99.35714286,191.7826531,140.1179515
10/5/2018,187.8367347,140.8979592,148.8367347,99.28571429,191.7232653,140.5012638
11/5/2018,187.8061224,140.8163265,148.8061224,99.21428571,191.6638776,141.9638477
12/5/2018,187.7755102,140.7346939,148.7755102,99.14285714,191.6044898,143.175292
13/05/2018,187.744898,140.6530612,148.744898,99.07142857,191.545102,142.7781045
14/05/2018,187.7142857,140.5714286,148.7142857,99,191.4857143,142.3809171
15/05/2018,187.6836735,140.4897959,148.6836735,98.92857143,191.4263265,141.9837296
16/05/2018,187.6530612,140.4081633,148.6530612,98.85714286,191.3669388,141.5865421
17/05/2018,187.622449,140.3265306,148.622449,98.78571429,191.307551,141.1893546
18/05/2018,187.5918367,140.244898,148.5918367,98.71428571,191.2481633,140.7921672
19/05/2018,187.5612245,140.1632653,148.5612245,98.64285714,191.1887755,140.3949797
20/05/2018,187.5306122,140.0816327,148.5306122,98.57142857,191.1293878,140.8409636
21/05/2018,187.5,140,148.5,98.5,191.07,143.225397
22/05/2018,187.4693878,139.9183673,148.4693878,98.42857143,191.0106122,140.5832987
23/05/2018,187.4387755,139.8367347,148.4387755,98.35714286,190.9512245,141.8040826
24/05/2018,187.4081633,139.755102,148.4081633,98.28571429,190.8918367,143.0248664
25/05/2018,187.377551,139.6734694,148.377551,98.21428571,190.832449,144.2456502
26/05/2018,187.3469388,139.5918367,148.3469388,98.14285714,190.7730612,145.4664341
27/05/2018,187.3163265,139.5102041,148.3163265,98.07142857,190.7136735,142.503073
28/05/2018,187.2857143,139.4285714,148.2857143,98,190.6542857,142.2907314
29/05/2018,187.255102,139.3469388,148.255102,97.92857143,190.594898,142.2791546
30/05/2018,187.2244898,139.2653061,148.2244898,97.85714286,190.5355102,141.9849452
31/05/2018,187.1938776,139.1836735,148.1938776,97.78571429,190.4761224,141.6907357
1/6/2018,187.1632653,139.1020408,148.1632653,97.71428571,190.4167347,142.2446052
2/6/2018,187.1326531,139.0204082,148.1326531,97.64285714,190.3573469,142.7590835
3/6/2018,187.1020408,138.9387755,148.1020408,97.57142857,190.2979592,141.0043693
4/6/2018,187.0714286,138.8571429,148.0714286,97.5,190.2385714,141.382336
5/6/2018,187.0408163,138.7755102,148.0408163,97.42857143,190.1791837,141.7603027
6/6/2018,187.0102041,138.6938776,148.0102041,97.35714286,190.1197959,142.1848034
7/6/2018,186.9795918,138.6122449,147.9795918,97.28571429,190.0604082,144.1010873
8/6/2018,186.9489796,138.5306122,147.9489796,97.21428571,190.0010204,141.6859572
9/6/2018,186.9183673,138.4489796,147.9183673,97.14285714,189.9416327,141.5588172
10/6/2018,186.8877551,138.3673469,147.8877551,97.07142857,189.8822449,141.2897393
11/6/2018,186.8571429,138.2857143,147.8571429,97,189.8228571,141.0206613
12/6/2018,186.8265306,138.2040816,147.8265306,96.92857143,189.7634694,142.0081158
13/06/2018,186.7959184,138.122449,147.7959184,96.85714286,189.7040816,142.362822
14/06/2018,186.7653061,138.0408163,147.7653061,96.78571429,189.6446939,143.1603593
15/06/2018,186.7346939,137.9591837,147.7346939,96.71428571,189.5853061,142.0178976
16/06/2018,186.7040816,137.877551,147.7040816,96.64285714,189.5259184,141.0726281
17/06/2018,186.6734694,137.7959184,147.6734694,96.57142857,189.4665306,140.842822
18/06/2018,186.6428571,137.7142857,147.6428571,96.5,189.4071429,140.6130158
19/06/2018,186.6122449,137.6326531,147.6122449,96.42857143,189.3477551,140.3832097
20/06/2018,186.5816327,137.5510204,147.5816327,96.35714286,189.2883673,143.1147023
21/06/2018,186.5510204,137.4693878,147.5510204,96.28571429,189.2289796,140.8506399
22/06/2018,186.5204082,137.3877551,147.5204082,96.21428571,189.1695918,143.4222523
23/06/2018,186.4897959,137.3061224,147.4897959,96.14285714,189.1102041,142.83762
24/06/2018,186.4591837,137.2244898,147.4591837,96.07142857,189.0508163,142.6911811
25/06/2018,186.4285714,137.1428571,147.4285714,96,188.9914286,142.5447423
26/06/2018,186.3979592,137.0612245,147.3979592,95.92857143,188.9320408,142.3983034
27/06/2018,186.3673469,136.9795918,147.3673469,95.85714286,188.8726531,142.2518645
28/06/2018,186.3367347,136.8979592,147.3367347,95.78571429,188.8132653,139.8637163
29/06/2018,186.3061224,136.8163265,147.3061224,95.71428571,188.7538776,140.823475
30/06/2018,186.2755102,136.7346939,147.2755102,95.64285714,188.6944898,143.2920802
1/7/2018,186.244898,136.6530612,147.244898,95.57142857,188.635102,143.457544
2/7/2018,186.2142857,136.5714286,147.2142857,95.5,188.5757143,143.6230077
3/7/2018,186.1836735,136.4897959,147.1836735,95.42857143,188.5163265,143.7884715
4/7/2018,186.1530612,136.4081633,147.1530612,95.35714286,188.4569388,141.868471
5/7/2018,186.122449,136.3265306,147.122449,95.28571429,188.397551,142.3126389
6/7/2018,186.0918367,136.244898,147.0918367,95.21428571,188.3381633,141.9709997
7/7/2018,186.0612245,136.1632653,147.0612245,95.14285714,188.2787755,142.532377
8/7/2018,186.0306122,136.0816327,147.0306122,95.07142857,188.2193878,142.9326475
9/7/2018,186,136,147,95,188.16,143.3329179
10/7/2018,186.2142857,136.3571429,147.1428571,95.14285714,188.16,144.8686161
11/7/2018,186.4285714,136.7142857,147.2857143,95.28571429,188.16,143.4068223
12/7/2018,186.6428571,137.0714286,147.4285714,95.42857143,188.16,144.9440717
13/07/2018,186.8571429,137.4285714,147.5714286,95.57142857,188.16,143.9261004
14/07/2018,187.0714286,137.7857143,147.7142857,95.71428571,188.16,142.9995898
15/07/2018,187.2857143,138.1428571,147.8571429,95.85714286,188.16,143.8895517
16/07/2018,187.5,138.5,148,96,188.16,142.7958957
17/07/2018,187.7142857,138.8571429,148.1428571,96.14285714,188.16,142.6970684
18/07/2018,187.9285714,139.2142857,148.2857143,96.28571429,188.16,142.5982411
19/07/2018,188.1428571,139.5714286,148.4285714,96.42857143,188.16,142.4994139
20/07/2018,188.3571429,139.9285714,148.5714286,96.57142857,188.16,142.4005866
21/07/2018,188.5714286,140.2857143,148.7142857,96.71428571,188.16,142.3017593
22/07/2018,188.7857143,140.6428571,148.8571429,96.85714286,188.16,143.284731
23/07/2018,189,141,149,97,188.16,142.5838392
24/07/2018,189.025641,141.0769231,149.1538462,97.17948718,188.3092308,142.4423167
25/07/2018,189.0512821,141.1538462,149.3076923,97.35897436,188.4584615,142.3007942
26/07/2018,189.0769231,141.2307692,149.4615385,97.53846154,188.6076923,142.1592716
27/07/2018,189.1025641,141.3076923,149.6153846,97.71794872,188.7569231,142.0177491
28/07/2018,189.1282051,141.3846154,149.7692308,97.8974359,188.9061538,144.6252817
29/07/2018,189.1538462,141.4615385,149.9230769,98.07692308,189.0553846,145.5632409
30/07/2018,189.1794872,141.5384615,150.0769231,98.25641026,189.2046154,143.3597192
31/07/2018,189.2051282,141.6153846,150.2307692,98.43589744,189.3538462,143.0003775
1/8/2018,189.2307692,141.6923077,150.3846154,98.61538462,189.5030769,142.6410358
2/8/2018,189.2564103,141.7692308,150.5384615,98.79487179,189.6523077,142.2816942
3/8/2018,189.2820513,141.8461538,150.6923077,98.97435897,189.8015385,141.9223525
4/8/2018,189.3076923,141.9230769,150.8461538,99.15384615,189.9507692,143.5299613
5/8/2018,189.3333333,142,151,99.33333333,190.1,145.4822106
6/8/2018,189.3589744,142.0769231,151.1538462,99.51282051,190.2492308,143.8386951
7/8/2018,189.3846154,142.1538462,151.3076923,99.69230769,190.3984615,144.2803876
8/8/2018,189.4102564,142.2307692,151.4615385,99.87179487,190.5476923,144.7220801
9/8/2018,189.4358974,142.3076923,151.6153846,100.0512821,190.6969231,145.1637725
10/8/2018,189.4615385,142.3846154,151.7692308,100.2307692,190.8461538,145.605465
11/8/2018,189.4871795,142.4615385,151.9230769,100.4102564,190.9953846,145.3342094
12/8/2018,189.5128205,142.5384615,152.0769231,100.5897436,191.1446154,145.6554904
13/08/2018,189.5384615,142.6153846,152.2307692,100.7692308,191.2938462,144.6456832
14/08/2018,189.5641026,142.6923077,152.3846154,100.9487179,191.4430769,144.54476
15/08/2018,189.5897436,142.7692308,152.5384615,101.1282051,191.5923077,144.4438367
16/08/2018,189.6153846,142.8461538,152.6923077,101.3076923,191.7415385,144.3429135
17/08/2018,189.6410256,142.9230769,152.8461538,101.4871795,191.8907692,145.2419749
18/08/2018,189.6666667,143,153,101.6666667,192.04,145.7035128
19/08/2018,189.6923077,143.0769231,153.1538462,101.8461538,192.1892308,145.0584346
20/08/2018,189.7179487,143.1538462,153.3076923,102.025641,192.3384615,145.3474773
21/08/2018,189.7435897,143.2307692,153.4615385,102.2051282,192.4876923,144.9402915
22/08/2018,189.7692308,143.3076923,153.6153846,102.3846154,192.6369231,144.5331058
23/08/2018,189.7948718,143.3846154,153.7692308,102.5641026,192.7861538,144.12592
24/08/2018,189.8205128,143.4615385,153.9230769,102.7435897,192.9353846,143.7187342
25/08/2018,189.8461538,143.5384615,154.0769231,102.9230769,193.0846154,142.2619203
26/08/2018,189.8717949,143.6153846,154.2307692,103.1025641,193.2338462,141.6025157
27/08/2018,189.8974359,143.6923077,154.3846154,103.2820513,193.3830769,145.0265944
28/08/2018,189.9230769,143.7692308,154.5384615,103.4615385,193.5323077,144.6276889
29/08/2018,189.9487179,143.8461538,154.6923077,103.6410256,193.6815385,144.2287834
30/08/2018,189.974359,143.9230769,154.8461538,103.8205128,193.8307692,143.8298779
31/08/2018,190,144,155,104,193.98,143.4309723
1/9/2018,189.5,143.375,154.6666667,103.625,193.7375,143.0320668
2/9/2018,189,142.75,154.3333333,103.25,193.495,142.6331613
3/9/2018,188.5,142.125,154,102.875,193.2525,142.2342558
4/9/2018,188,141.5,153.6666667,102.5,193.01,144.5293802
5/9/2018,187.5,140.875,153.3333333,102.125,192.7675,145.1852607
6/9/2018,187,140.25,153,101.75,192.525,144.4267004
7/9/2018,186.5,139.625,152.6666667,101.375,192.2825,139.4659102
8/9/2018,186,139,152.3333333,101,192.04,141.9492752
9/9/2018,185.5,138.375,152,100.625,191.7975,141.7833813
10/9/2018,185,137.75,151.6666667,100.25,191.555,141.6174874
11/9/2018,184.5,137.125,151.3333333,99.875,191.3125,141.4515936
12/9/2018,184,136.5,151,99.5,191.07,141.2856997
13/09/2018,183.5,135.875,150.6666667,99.125,190.8275,141.1198058
14/09/2018,183,135.25,150.3333333,98.75,190.585,141.2919582
15/09/2018,182.5,134.625,150,98.375,190.3425,142.0685603
16/09/2018,182,134,149.6666667,98,190.1,142.8869535
17/09/2018,181.5,133.375,149.3333333,97.625,189.8575,142.416337
18/09/2018,181,132.75,149,97.25,189.615,142.5838011
19/09/2018,180.5,132.125,148.6666667,96.875,189.3725,142.7512652
20/09/2018,180,131.5,148.3333333,96.5,189.13,142.9187293
21/09/2018,179.5,130.875,148,96.125,188.8875,143.0861934
22/09/2018,179,130.25,147.6666667,95.75,188.645,143.2536575
23/09/2018,178.5,129.625,147.3333333,95.375,188.4025,142.0760905
24/09/2018,178,129,147,95,188.16,143.8351303
25/09/2018,177.8214286,128.8928571,146.9642857,95.07142857,188.3678571,143.6616192
26/09/2018,177.6428571,128.7857143,146.9285714,95.14285714,188.5757143,143.4881081
27/09/2018,177.4642857,128.6785714,146.8928571,95.21428571,188.7835714,143.3145969
28/09/2018,177.2857143,128.5714286,146.8571429,95.28571429,188.9914286,143.1410858
29/09/2018,177.1071429,128.4642857,146.8214286,95.35714286,189.1992857,138.9960642
30/09/2018,176.9285714,128.3571429,146.7857143,95.42857143,189.4071429,142.6070129
1/10/2018,176.75,128.25,146.75,95.5,189.615,142.4827476
2/10/2018,176.5714286,128.1428571,146.7142857,95.57142857,189.8228571,142.1212928
3/10/2018,176.3928571,128.0357143,146.6785714,95.64285714,190.0307143,141.759838
4/10/2018,176.2142857,127.9285714,146.6428571,95.71428571,190.2385714,141.3983831
5/10/2018,176.0357143,127.8214286,146.6071429,95.78571429,190.4464286,141.0369283
6/10/2018,175.8571429,127.7142857,146.5714286,95.85714286,190.6542857,142.1171992
7/10/2018,175.6785714,127.6071429,146.5357143,95.92857143,190.8621429,141.9036228
8/10/2018,175.5,127.5,146.5,96,191.07,142.5560072
9/10/2018,175.3214286,127.3928571,146.4642857,96.07142857,191.2778571,142.2960102
10/10/2018,175.1428571,127.2857143,146.4285714,96.14285714,191.4857143,142.0360132
11/10/2018,174.9642857,127.1785714,146.3928571,96.21428571,191.6935714,141.7760162
12/10/2018,174.7857143,127.0714286,146.3571429,96.28571429,191.9014286,141.5160192
13/10/2018,174.6071429,126.9642857,146.3214286,96.35714286,192.1092857,142.733591
14/10/2018,174.4285714,126.8571429,146.2857143,96.42857143,192.3171429,142.5324754
15/10/2018,174.25,126.75,146.25,96.5,192.525,144.337503
16/10/2018,174.0714286,126.6428571,146.2142857,96.57142857,192.7328571,144.0723377
17/10/2018,173.8928571,126.5357143,146.1785714,96.64285714,192.9407143,143.8071724
18/10/2018,173.7142857,126.4285714,146.1428571,96.71428571,193.1485714,143.542007
19/10/2018,173.5357143,126.3214286,146.1071429,96.78571429,193.3564286,143.2768417
20/10/2018,173.3571429,126.2142857,146.0714286,96.85714286,193.5642857,143.1024037
21/10/2018,173.1785714,126.1071429,146.0357143,96.92857143,193.7721429,143.4246111
22/10/2018,173,126,146,97,193.98,144.2762317
23/10/2018,173.1025641,126.1538462,146,97.02564103,193.8307692,144.0460115
24/10/2018,173.2051282,126.3076923,146,97.05128205,193.6815385,143.8157913
25/10/2018,173.3076923,126.4615385,146,97.07692308,193.5323077,143.585571
26/10/2018,173.4102564,126.6153846,146,97.1025641,193.3830769,143.3553508
27/10/2018,173.5128205,126.7692308,146,97.12820513,193.2338462,143.1678075
28/10/2018,173.6153846,126.9230769,146,97.15384615,193.0846154,142.6235109
29/10/2018,173.7179487,127.0769231,146,97.17948718,192.9353846,142.074755
30/10/2018,173.8205128,127.2307692,146,97.20512821,192.7861538,142.0185159
31/10/2018,173.9230769,127.3846154,146,97.23076923,192.6369231,141.9622768
1/11/2018,174.025641,127.5384615,146,97.25641026,192.4876923,141.9060377
2/11/2018,174.1282051,127.6923077,146,97.28205128,192.3384615,141.8497986
3/11/2018,174.2307692,127.8461538,146,97.30769231,192.1892308,141.3566281
4/11/2018,174.3333333,128,146,97.33333333,192.04,142.6087772
5/11/2018,174.4358974,128.1538462,146,97.35897436,191.8907692,142.8478763
6/11/2018,174.5384615,128.3076923,146,97.38461538,191.7415385,144.2914661
7/11/2018,174.6410256,128.4615385,146,97.41025641,191.5923077,144.9325532
8/11/2018,174.7435897,128.6153846,146,97.43589744,191.4430769,143.8794233
9/11/2018,174.8461538,128.7692308,146,97.46153846,191.2938462,142.7335684
10/11/2018,174.9487179,128.9230769,146,97.48717949,191.1446154,142.5606031
11/11/2018,175.0512821,129.0769231,146,97.51282051,190.9953846,142.3876379
12/11/2018,175.1538462,129.2307692,146,97.53846154,190.8461538,142.2146726
13/11/2018,175.2564103,129.3846154,146,97.56410256,190.6969231,143.5108951
14/11/2018,175.3589744,129.5384615,146,97.58974359,190.5476923,142.9702764
15/11/2018,175.4615385,129.6923077,146,97.61538462,190.3984615,143.6444031
16/11/2018,175.5641026,129.8461538,146,97.64102564,190.2492308,141.5918153
17/11/2018,175.6666667,130,146,97.66666667,190.1,142.0419265
18/11/2018,175.7692308,130.1538462,146,97.69230769,189.9507692,142.4920378
19/11/2018,175.8717949,130.3076923,146,97.71794872,189.8015385,142.942149
20/11/2018,175.974359,130.4615385,146,97.74358974,189.6523077,144.2155429
21/11/2018,176.0769231,130.6153846,146,97.76923077,189.5030769,142.5554899
22/11/2018,176.1794872,130.7692308,146,97.79487179,189.3538462,143.4647595
23/11/2018,176.2820513,130.9230769,146,97.82051282,189.2046154,142.6704167
24/11/2018,176.3846154,131.0769231,146,97.84615385,189.0553846,143.0802797
25/11/2018,176.4871795,131.2307692,146,97.87179487,188.9061538,143.4901426
26/11/2018,176.5897436,131.3846154,146,97.8974359,188.7569231,143.9000056
27/11/2018,176.6923077,131.5384615,146,97.92307692,188.6076923,142.9615736
28/11/2018,176.7948718,131.6923077,146,97.94871795,188.4584615,144.3061752
29/11/2018,176.8974359,131.8461538,146,97.97435897,188.3092308,145.2711701
30/11/2018,177,132,146,98,188.16,142.4227834
1/12/2018,176.5,131.5416667,146,98.04166667,188.16,144.8663442
2/12/2018,176,131.0833333,146,98.08333333,188.16,144.0827061
3/12/2018,175.5,130.625,146,98.125,188.16,143.299068
4/12/2018,175,130.1666667,146,98.16666667,188.16,144.2594934
5/12/2018,174.5,129.7083333,146,98.20833333,188.16,144.1021069
6/12/2018,174,129.25,146,98.25,188.16,144.46416
7/12/2018,173.5,128.7916667,146,98.29166667,188.16,145.3250458
8/12/2018,173,128.3333333,146,98.33333333,188.16,144.8787638
9/12/2018,172.5,127.875,146,98.375,188.16,144.4324817
10/12/2018,172,127.4166667,146,98.41666667,188.16,143.9861997
11/12/2018,171.5,126.9583333,146,98.45833333,188.16,143.5399176
12/12/2018,171,126.5,146,98.5,188.16,143.0936356
13/12/2018,170.5,126.0416667,146,98.54166667,188.16,142.6473535
14/12/2018,170,125.5833333,146,98.58333333,188.16,142.2010715
15/12/2018,169.5,125.125,146,98.625,188.16,144.6296692
16/12/2018,169,124.6666667,146,98.66666667,188.16,144.1599298
17/12/2018,168.5,124.2083333,146,98.70833333,188.16,145.3405918
18/12/2018,168,123.75,146,98.75,188.16,144.9089136
19/12/2018,167.5,123.2916667,146,98.79166667,188.16,144.4772354
20/12/2018,167,122.8333333,146,98.83333333,188.16,144.0455571
21/12/2018,166.5,122.375,146,98.875,188.16,143.6138789
22/12/2018,166,121.9166667,146,98.91666667,188.16,144.3132854
23/12/2018,165.5,121.4583333,146,98.95833333,188.16,144.0846179
24/12/2018,165,121,146,99,188.16,145.1129223
25/12/2018,165.0652174,121.0217391,145.9782609,98.93478261,188.16,144.5440002
26/12/2018,165.1304348,121.0434783,145.9565217,98.86956522,188.16,143.9750781
27/12/2018,165.1956522,121.0652174,145.9347826,98.80434783,188.16,143.4061559
28/12/2018,165.2608696,121.0869565,145.9130435,98.73913043,188.16,142.8372338
29/12/2018,165.326087,121.1086957,145.8913043,98.67391304,188.16,143.5954839
30/12/2018,165.3913043,121.1304348,145.8695652,98.60869565,188.16,143.7292117
31/12/2018,165.4565217,121.1521739,145.8478261,98.54347826,188.16,144.5705489
1/1/2019,165.5217391,121.173913,145.826087,98.47826087,188.16,144.3097748
2/1/2019,165.5869565,121.1956522,145.8043478,98.41304348,188.16,144.0490007
3/1/2019,165.6521739,121.2173913,145.7826087,98.34782609,188.16,143.7882266
4/1/2019,165.7173913,121.2391304,145.7608696,98.2826087,188.16,143.5274525
5/1/2019,165.7826087,121.2608696,145.7391304,98.2173913,188.16,143.2666784
6/1/2019,165.8478261,121.2826087,145.7173913,98.15217391,188.16,143.0059043
7/1/2019,165.9130435,121.3043478,145.6956522,98.08695652,188.16,142.7451302
8/1/2019,165.9782609,121.326087,145.673913,98.02173913,188.16,144.1428248
9/1/2019,166.0434783,121.3478261,145.6521739,97.95652174,188.16,144.9959087
10/1/2019,166.1086957,121.3695652,145.6304348,97.89130435,188.16,146.4544628
11/1/2019,166.173913,121.3913043,145.6086957,97.82608696,188.16,145.2044984
12/1/2019,166.2391304,121.4130435,145.5869565,97.76086957,188.16,145.5252909
13/01/2019,166.3043478,121.4347826,145.5652174,97.69565217,188.16,145.8460833
14/01/2019,166.3695652,121.4565217,145.5434783,97.63043478,188.16,146.1668758
15/01/2019,166.4347826,121.4782609,145.5217391,97.56521739,188.16,145.5819667
16/01/2019,166.5,121.5,145.5,97.5,188.16,142.9833131
17/01/2019,166.5652174,121.5217391,145.4782609,97.43478261,188.16,144.8952207
18/01/2019,166.6304348,121.5434783,145.4565217,97.36956522,188.16,146.1910373
19/01/2019,166.6956522,121.5652174,145.4347826,97.30434783,188.16,145.6911891
20/01/2019,166.7608696,121.5869565,145.4130435,97.23913043,188.16,145.1913408
21/01/2019,166.826087,121.6086957,145.3913043,97.17391304,188.16,144.6914926
22/01/2019,166.8913043,121.6304348,145.3695652,97.10869565,188.16,145.997445
23/01/2019,166.9565217,121.6521739,145.3478261,97.04347826,188.16,144.5676067
24/01/2019,167.0217391,121.673913,145.326087,96.97826087,188.16,143.6398067
25/01/2019,167.0869565,121.6956522,145.3043478,96.91304348,188.16,145.5048844
26/01/2019,167.1521739,121.7173913,145.2826087,96.84782609,188.16,145.2596633
27/01/2019,167.2173913,121.7391304,145.2608696,96.7826087,188.16,145.0144423
28/01/2019,167.2826087,121.7608696,145.2391304,96.7173913,188.16,144.7692212
29/01/2019,167.3478261,121.7826087,145.2173913,96.65217391,188.16,146.8799962
30/01/2019,167.4130435,121.8043478,145.1956522,96.58695652,188.16,147.2028503
31/01/2019,167.4782609,121.826087,145.173913,96.52173913,188.16,146.4633929
1/2/2019,167.5434783,121.8478261,145.1521739,96.45652174,188.16,147.019244
2/2/2019,167.6086957,121.8695652,145.1304348,96.39130435,188.16,145.8031359
3/2/2019,167.673913,121.8913043,145.1086957,96.32608696,188.16,144.5870279
4/2/2019,167.7391304,121.9130435,145.0869565,96.26086957,188.16,143.3709198
5/2/2019,167.8043478,121.9347826,145.0652174,96.19565217,188.16,144.8060431
6/2/2019,167.8695652,121.9565217,145.0434783,96.13043478,188.16,144.5874021
7/2/2019,167.9347826,121.9782609,145.0217391,96.06521739,188.16,145.8951193
8/2/2019,168,122,145,96,188.16,145.6744408
9/2/2019,167.9285714,122,144.9285714,96.07142857,188.16,145.4537624
10/2/2019,167.8571429,122,144.8571429,96.14285714,188.16,145.2330839
11/2/2019,167.7857143,122,144.7857143,96.21428571,188.16,145.0124054
12/2/2019,167.7142857,122,144.7142857,96.28571429,188.16,145.4657554
13/02/2019,167.6428571,122,144.6428571,96.35714286,188.16,145.4881445
14/02/2019,167.5714286,122,144.5714286,96.42857143,188.16,145.1167004
15/02/2019,167.5,122,144.5,96.5,188.16,145.4634059
16/02/2019,167.4285714,122,144.4285714,96.57142857,188.16,145.3365017
17/02/2019,167.3571429,122,144.3571429,96.64285714,188.16,145.2095974
18/02/2019,167.2857143,122,144.2857143,96.71428571,188.16,145.0826932
19/02/2019,167.2142857,122,144.2142857,96.78571429,188.16,144.9545317
20/02/2019,167.1428571,122,144.1428571,96.85714286,188.16,145.6633869
21/02/2019,167.0714286,122,144.0714286,96.92857143,188.16,146.2917135
22/02/2019,167,122,144,97,188.16,148.4218042
23/02/2019,167.4642857,122.4285714,144.0714286,96.96428571,188.16,148.0892079
24/02/2019,167.9285714,122.8571429,144.1428571,96.92857143,188.16,147.7566116
25/02/2019,168.3928571,123.2857143,144.2142857,96.89285714,188.16,147.4240153
26/02/2019,168.8571429,123.7142857,144.2857143,96.85714286,188.16,147.4591363
27/02/2019,169.3214286,124.1428571,144.3571429,96.82142857,188.16,145.6921417
28/02/2019,169.7857143,124.5714286,144.4285714,96.78571429,188.16,146.3757505
1/3/2019,170.25,125,144.5,96.75,188.16,147.7089006
2/3/2019,170.7142857,125.4285714,144.5714286,96.71428571,188.16,147.4913575
3/3/2019,171.1785714,125.8571429,144.6428571,96.67857143,188.16,147.2738144
4/3/2019,171.6428571,126.2857143,144.7142857,96.64285714,188.16,147.0562713
5/3/2019,172.1071429,126.7142857,144.7857143,96.60714286,188.16,146.7191556
6/3/2019,172.5714286,127.1428571,144.8571429,96.57142857,188.16,147.84919
7/3/2019,173.0357143,127.5714286,144.9285714,96.53571429,188.16,146.3068319
8/3/2019,173.5,128,145,96.5,188.16,146.1266276
9/3/2019,173.9642857,128.4285714,145.0714286,96.46428571,188.16,146.4998564
10/3/2019,174.4285714,128.8571429,145.1428571,96.42857143,188.16,146.8730853
11/3/2019,174.8928571,129.2857143,145.2142857,96.39285714,188.16,147.2463141
12/3/2019,175.3571429,129.7142857,145.2857143,96.35714286,188.16,146.0584563
13/03/2019,175.8214286,130.1428571,145.3571429,96.32142857,188.16,146.1472946
14/03/2019,176.2857143,130.5714286,145.4285714,96.28571429,188.16,146.7643354
15/03/2019,176.75,131,145.5,96.25,188.16,147.9212768
16/03/2019,177.2142857,131.4285714,145.5714286,96.21428571,188.16,147.6539601
17/03/2019,177.6785714,131.8571429,145.6428571,96.17857143,188.16,147.3866433
18/03/2019,178.1428571,132.2857143,145.7142857,96.14285714,188.16,147.1193266
19/03/2019,178.6071429,132.7142857,145.7857143,96.10714286,188.16,147.0549915
20/03/2019,179.0714286,133.1428571,145.8571429,96.07142857,188.16,146.9012505
21/03/2019,179.5357143,133.5714286,145.9285714,96.03571429,188.16,145.9828767
22/03/2019,180,134,146,96,188.16,146.3189599
23/03/2019,180.1315789,134.1578947,146.0526316,96.10526316,188.0065789,146.8056691
24/03/2019,180.2631579,134.3157895,146.1052632,96.21052632,187.8531579,147.2923784
25/03/2019,180.3947368,134.4736842,146.1578947,96.31578947,187.6997368,147.7790876
26/03/2019,180.5263158,134.6315789,146.2105263,96.42105263,187.5463158,148.3335159
27/03/2019,180.6578947,134.7894737,146.2631579,96.52631579,187.3928947,146.6567455
28/03/2019,180.7894737,134.9473684,146.3157895,96.63157895,187.2394737,146.7920581
29/03/2019,180.9210526,135.1052632,146.3684211,96.73684211,187.0860526,147.6505017
30/03/2019,181.0526316,135.2631579,146.4210526,96.84210526,186.9326316,147.2471406
31/03/2019,181.1842105,135.4210526,146.4736842,96.94736842,186.7792105,146.8437794
1/4/2019,181.3157895,135.5789474,146.5263158,97.05263158,186.6257895,146.4404183
2/4/2019,181.4473684,135.7368421,146.5789474,97.15789474,186.4723684,145.6268497
3/4/2019,181.5789474,135.8947368,146.6315789,97.26315789,186.3189474,146.2084485
4/4/2019,181.7105263,136.0526316,146.6842105,97.36842105,186.1655263,145.9022026
5/4/2019,181.8421053,136.2105263,146.7368421,97.47368421,186.0121053,145.7268111
6/4/2019,181.9736842,136.3684211,146.7894737,97.57894737,185.8586842,145.7844614
7/4/2019,182.1052632,136.5263158,146.8421053,97.68421053,185.7052632,145.8421118
8/4/2019,182.2368421,136.6842105,146.8947368,97.78947368,185.5518421,145.8997621
9/4/2019,182.3684211,136.8421053,146.9473684,97.89473684,185.3984211,145.5093442
10/4/2019,182.5,137,147,98,185.245,146.0166247
11/4/2019,182.6315789,137.1578947,147.0526316,98.10526316,185.0915789,147.4521115
12/4/2019,182.7631579,137.3157895,147.1052632,98.21052632,184.9381579,145.8098966
13/04/2019,182.8947368,137.4736842,147.1578947,98.31578947,184.7847368,145.8695058
14/04/2019,183.0263158,137.6315789,147.2105263,98.42105263,184.6313158,145.9291151
15/04/2019,183.1578947,137.7894737,147.2631579,98.52631579,184.4778947,145.9887243
16/04/2019,183.2894737,137.9473684,147.3157895,98.63157895,184.3244737,145.7844658
17/04/2019,183.4210526,138.1052632,147.3684211,98.73684211,184.1710526,147.2283251
18/04/2019,183.5526316,138.2631579,147.4210526,98.84210526,184.0176316,145.1581163
19/04/2019,183.6842105,138.4210526,147.4736842,98.94736842,183.8642105,146.0988818
20/04/2019,183.8157895,138.5789474,147.5263158,99.05263158,183.7107895,146.6007271
21/04/2019,183.9473684,138.7368421,147.5789474,99.15789474,183.5573684,146.0178236
22/04/2019,184.0789474,138.8947368,147.6315789,99.26315789,183.4039474,145.4349201
23/04/2019,184.2105263,139.0526316,147.6842105,99.36842105,183.2505263,146.6127653
24/04/2019,184.3421053,139.2105263,147.7368421,99.47368421,183.0971053,145.4577085
25/04/2019,184.4736842,139.3684211,147.7894737,99.57894737,182.9436842,145.6539285
26/04/2019,184.6052632,139.5263158,147.8421053,99.68421053,182.7902632,148.0682561
27/04/2019,184.7368421,139.6842105,147.8947368,99.78947368,182.6368421,147.7749477
28/04/2019,184.8684211,139.8421053,147.9473684,99.89473684,182.4834211,147.4816393
29/04/2019,185,140,148,100,182.33,147.1883309
30/04/2019,184.9375,139.96875,148,100.0625,182.33,146.8950226
1/5/2019,184.875,139.9375,148,100.125,182.33,146.6017142
2/5/2019,184.8125,139.90625,148,100.1875,182.33,146.3084058
3/5/2019,184.75,139.875,148,100.25,182.33,146.0150974
4/5/2019,184.6875,139.84375,148,100.3125,182.33,147.6534417
5/5/2019,184.625,139.8125,148,100.375,182.33,146.6641067
6/5/2019,184.5625,139.78125,148,100.4375,182.33,148.1316211
7/5/2019,184.5,139.75,148,100.5,182.33,147.7651069
8/5/2019,184.4375,139.71875,148,100.5625,182.33,147.3985927
9/5/2019,184.375,139.6875,148,100.625,182.33,147.0320786
10/5/2019,184.3125,139.65625,148,100.6875,182.33,146.6655644
11/5/2019,184.25,139.625,148,100.75,182.33,146.2269897
12/5/2019,184.1875,139.59375,148,100.8125,182.33,148.6485444
13/05/2019,184.125,139.5625,148,100.875,182.33,144.3493919
14/05/2019,184.0625,139.53125,148,100.9375,182.33,145.7792744
15/05/2019,184,139.5,148,101,182.33,147.209157
16/05/2019,183.9375,139.46875,148,101.0625,182.33,148.6390395
17/05/2019,183.875,139.4375,148,101.125,182.33,150.068922
18/05/2019,183.8125,139.40625,148,101.1875,182.33,149.4558657
19/05/2019,183.75,139.375,148,101.25,182.33,148.8428094
20/05/2019,183.6875,139.34375,148,101.3125,182.33,148.2297531
21/05/2019,183.625,139.3125,148,101.375,182.33,146.5235054
22/05/2019,183.5625,139.28125,148,101.4375,182.33,146.8760125
23/05/2019,183.5,139.25,148,101.5,182.33,147.4797572
24/05/2019,183.4375,139.21875,148,101.5625,182.33,148.0289659
25/05/2019,183.375,139.1875,148,101.625,182.33,146.8551581
26/05/2019,183.3125,139.15625,148,101.6875,182.33,147.9847311
27/05/2019,183.25,139.125,148,101.75,182.33,149.1143041
28/05/2019,183.1875,139.09375,148,101.8125,182.33,147.3318996
29/05/2019,183.125,139.0625,148,101.875,182.33,147.1098097
30/05/2019,183.0625,139.03125,148,101.9375,182.33,147.8437702
31/05/2019,183,139,148,102,182.33,147.9873651
