,Date,Id,CPId,Vibration3H,CentrifugalParameterId
0,2017-02-13,1.0,1.0,189.7656667,
1,2017-02-14,2.0,1.0,185.6671033,
2,2017-02-15,3.0,1.0,182.360085,
3,2017-02-16,4.0,1.0,183.509865,
4,2017-02-17,,,,
5,2017-02-18,,,,
6,2017-02-19,,,,
7,2017-02-20,5.0,1.0,174.695895,
8,2017-02-21,6.0,1.0,176.24652,
9,2017-02-22,7.0,1.0,176.41393,
10,2017-02-23,8.0,1.0,172.059205,
11,2017-02-24,,,,
12,2017-02-25,,,,
13,2017-02-26,,,,
14,2017-02-27,9.0,1.0,176.9203575,
15,2017-02-28,10.0,1.0,175.097795,
16,2017-03-01,11.0,1.0,178.5898175,
17,2017-03-02,12.0,1.0,175.93694,
18,2017-03-03,,,,
19,2017-03-04,,,,
20,2017-03-05,,,,
21,2017-03-06,13.0,1.0,172.5685767,
22,2017-03-07,14.0,1.0,182.127184,
23,2017-03-08,15.0,1.0,175.7212638,
24,2017-03-09,16.0,1.0,177.294295,
25,2017-03-10,,,,
26,2017-03-11,,,,
27,2017-03-12,,,,
28,2017-03-13,17.0,1.0,184.555115,
29,2017-03-14,18.0,1.0,184.459124,
30,2017-03-15,19.0,1.0,184.61459,
31,2017-03-16,,,,
32,2017-03-17,,,,
33,2017-03-18,,,,
34,2017-03-19,,,,
35,2017-03-20,20.0,1.0,191.05334,
36,2017-03-21,21.0,1.0,177.59168,
37,2017-03-22,22.0,1.0,177.3081771,
38,2017-03-23,23.0,1.0,177.512185,
39,2017-03-24,,,,
40,2017-03-25,,,,
41,2017-03-26,,,,
42,2017-03-27,24.0,1.0,182.07497,
43,2017-03-28,25.0,1.0,181.6630025,
44,2017-03-29,26.0,1.0,182.78816,
45,2017-03-30,27.0,1.0,181.67847,
46,2017-03-31,,,,
47,2017-04-01,,,,
48,2017-04-02,,,,
49,2017-04-03,28.0,1.0,187.7968667,
50,2017-04-04,29.0,1.0,182.08675,
51,2017-04-05,30.0,1.0,179.3906875,
52,2017-04-06,31.0,1.0,176.36387,
53,2017-04-07,,,,
54,2017-04-08,,,,
55,2017-04-09,,,,
56,2017-04-10,32.0,1.0,194.28037,
57,2017-04-11,33.0,1.0,191.5288575,
58,2017-04-12,34.0,1.0,184.20179,
59,2017-04-13,35.0,1.0,183.2713683,
60,2017-04-14,,,,
61,2017-04-15,,,,
62,2017-04-16,,,,
63,2017-04-17,,,,
64,2017-04-18,36.0,1.0,184.213565,
65,2017-04-19,37.0,1.0,188.289555,
66,2017-04-20,38.0,1.0,186.90571,
67,2017-04-21,,,,
68,2017-04-22,,,,
69,2017-04-23,,,,
70,2017-04-24,39.0,1.0,191.472616,
71,2017-04-25,40.0,1.0,190.4880175,
72,2017-04-26,41.0,1.0,189.637835,
73,2017-04-27,42.0,1.0,181.90371,
74,2017-04-28,,,,
75,2017-04-29,,,,
76,2017-04-30,,,,
77,2017-05-01,43.0,1.0,191.12695,
78,2017-05-02,44.0,1.0,189.8822175,
79,2017-05-03,45.0,1.0,189.292018,
80,2017-05-04,46.0,1.0,188.9333967,
81,2017-05-05,,,,
82,2017-05-06,,,,
83,2017-05-07,,,,
84,2017-05-08,47.0,1.0,197.7046717,
85,2017-05-09,48.0,1.0,191.6513767,
86,2017-05-10,49.0,1.0,187.968816,
87,2017-05-11,50.0,1.0,184.66111,
88,2017-05-12,,,,
89,2017-05-13,,,,
90,2017-05-14,,,,
91,2017-05-15,51.0,1.0,196.079375,
92,2017-05-16,52.0,1.0,190.2786411,
93,2017-05-17,53.0,1.0,189.9384078,
94,2017-05-18,54.0,1.0,192.2296175,
95,2017-05-19,55.0,1.0,191.326425,
96,2017-05-20,56.0,1.0,188.998172,
97,2017-05-21,57.0,1.0,192.4528978,
98,2017-05-22,58.0,1.0,192.2281413,
99,2017-05-23,59.0,1.0,190.3967425,
100,2017-05-24,60.0,1.0,190.7360875,
101,2017-05-25,61.0,1.0,193.4274783,
102,2017-05-26,,,,
103,2017-05-27,,,,
104,2017-05-28,,,,
105,2017-05-29,62.0,1.0,194.72497,
106,2017-05-30,63.0,1.0,197.7698686,
107,2017-05-31,64.0,1.0,190.170026,
108,2017-06-01,65.0,1.0,186.680955,
109,2017-06-02,,,,
110,2017-06-03,,,,
111,2017-06-04,,,,
112,2017-06-05,66.0,1.0,182.2653767,
113,2017-06-06,67.0,1.0,191.212335,
114,2017-06-07,68.0,1.0,199.34665,
115,2017-06-08,69.0,1.0,188.04812,
116,2017-06-09,,,,
117,2017-06-10,,,,
118,2017-06-11,,,,
119,2017-06-12,70.0,1.0,190.4703525,
120,2017-06-13,71.0,1.0,190.0354286,
121,2017-06-14,72.0,1.0,189.7335238,
122,2017-06-15,73.0,1.0,189.52228,
123,2017-06-16,,,,
124,2017-06-17,,,,
125,2017-06-18,,,,
126,2017-06-19,74.0,1.0,192.3974425,
127,2017-06-20,75.0,1.0,189.412345,
128,2017-06-21,76.0,1.0,191.6863783,
129,2017-06-22,77.0,1.0,187.5946867,
130,2017-06-23,,,,
131,2017-06-24,,,,
132,2017-06-25,,,,
133,2017-06-26,,,,
134,2017-06-27,,,,
135,2017-06-28,,,,
136,2017-06-29,78.0,1.0,194.692585,
137,2017-06-30,79.0,1.0,195.189195,
138,2017-07-01,80.0,1.0,192.4666333,
139,2017-07-02,81.0,1.0,194.0006533,
140,2017-07-03,82.0,1.0,187.1903267,
141,2017-07-04,,,,
142,2017-07-05,,,,
143,2017-07-06,83.0,1.0,204.665165,
144,2017-07-07,84.0,1.0,195.6387067,
145,2017-07-08,85.0,1.0,199.074545,
146,2017-07-09,86.0,1.0,195.5489729,
147,2017-07-10,87.0,1.0,193.93293,
148,2017-07-11,,,,
149,2017-07-12,,,,
150,2017-07-13,88.0,1.0,203.99974,
151,2017-07-14,89.0,1.0,191.6598775,
152,2017-07-15,90.0,1.0,198.442534,
153,2017-07-16,91.0,1.0,197.367244,
154,2017-07-17,92.0,1.0,193.0457,
155,2017-07-18,,,,
156,2017-07-19,,,,
157,2017-07-20,93.0,1.0,197.07751,
158,2017-07-21,94.0,1.0,194.5865833,
159,2017-07-22,95.0,1.0,195.102442,
160,2017-07-23,96.0,1.0,195.8063929,
161,2017-07-24,97.0,1.0,190.997395,
162,2017-07-25,,,,
163,2017-07-26,,,,
164,2017-07-27,98.0,1.0,201.6864433,
165,2017-07-28,99.0,1.0,196.031676,
166,2017-07-29,100.0,1.0,194.73822,
167,2017-07-30,101.0,1.0,191.9759067,
168,2017-07-31,102.0,1.0,190.57438,
169,2017-08-01,,,,
170,2017-08-02,,,,
171,2017-08-03,103.0,1.0,204.82123,
172,2017-08-04,104.0,1.0,197.4779543,
173,2017-08-05,105.0,1.0,189.16698,
174,2017-08-06,106.0,1.0,194.4799333,
175,2017-08-07,107.0,1.0,196.3027386,
176,2017-08-08,,,,
177,2017-08-09,,,,
178,2017-08-10,108.0,1.0,199.3329067,
179,2017-08-11,109.0,1.0,195.7653167,
180,2017-08-12,110.0,1.0,198.2474233,
181,2017-08-13,111.0,1.0,195.325033,
182,2017-08-14,112.0,1.0,191.090145,
183,2017-08-15,,,,
184,2017-08-16,,,,
185,2017-08-17,113.0,1.0,192.40186,
186,2017-08-18,114.0,1.0,195.195476,
187,2017-08-19,115.0,1.0,194.3991167,
188,2017-08-20,116.0,1.0,200.4198043,
189,2017-08-21,117.0,1.0,210.54802,
190,2017-08-22,,,,
191,2017-08-23,,,,
192,2017-08-24,118.0,1.0,189.6263033,
193,2017-08-25,119.0,1.0,196.3456357,
194,2017-08-26,120.0,1.0,194.811825,
195,2017-08-27,121.0,1.0,195.62497,
196,2017-08-28,122.0,1.0,190.29959,
197,2017-08-29,,,,
198,2017-08-30,123.0,1.0,197.28363,
199,2017-08-31,124.0,1.0,192.6050225,
200,2017-09-01,125.0,1.0,192.4921567,
201,2017-09-02,126.0,1.0,195.734886,
202,2017-09-03,127.0,1.0,191.715236,
203,2017-09-04,128.0,1.0,184.19885,
204,2017-09-05,,,,
205,2017-09-06,,,,
206,2017-09-07,129.0,1.0,197.492094,
207,2017-09-08,130.0,1.0,192.9840014,
208,2017-09-09,131.0,1.0,194.884554,
209,2017-09-10,132.0,1.0,191.5391567,
210,2017-09-11,133.0,1.0,189.060005,
211,2017-09-12,,,,
212,2017-09-13,,,,
213,2017-09-14,134.0,1.0,199.9173625,
214,2017-09-15,135.0,1.0,199.2521486,
215,2017-09-16,136.0,1.0,193.85167,
216,2017-09-17,137.0,1.0,191.4567233,
217,2017-09-18,138.0,1.0,189.76518,
218,2017-09-19,,,,
219,2017-09-20,139.0,1.0,193.875222,
220,2017-09-21,140.0,1.0,193.7824422,
221,2017-09-22,141.0,1.0,191.76941,
222,2017-09-23,142.0,1.0,194.4511433,
223,2017-09-24,143.0,1.0,192.09859,
224,2017-09-25,144.0,1.0,188.515295,
225,2017-09-26,,,,
226,2017-09-27,,,,
227,2017-09-28,145.0,1.0,193.167395,
228,2017-09-29,146.0,1.0,192.5581809,
229,2017-09-30,147.0,1.0,190.079346,
230,2017-10-01,148.0,1.0,196.4680388,
231,2017-10-02,149.0,1.0,192.9082933,
232,2017-10-03,,,,
233,2017-10-04,,,,
234,2017-10-05,150.0,1.0,197.33662,
235,2017-10-06,151.0,1.0,188.9019867,
236,2017-10-07,152.0,1.0,188.74327,
237,2017-10-08,153.0,1.0,184.9717375,
238,2017-10-09,154.0,1.0,183.36854,
239,2017-10-10,,,,
240,2017-10-11,,,,
241,2017-10-12,155.0,1.0,191.57449,
242,2017-10-13,156.0,1.0,188.1972967,
243,2017-10-14,157.0,1.0,186.6687471,
244,2017-10-15,158.0,1.0,191.8519988,
245,2017-10-16,159.0,1.0,190.436495,
246,2017-10-17,,,,
247,2017-10-18,,,,
248,2017-10-19,160.0,1.0,187.1275067,
249,2017-10-20,161.0,1.0,186.5425617,
250,2017-10-21,162.0,1.0,185.30946,
251,2017-10-22,163.0,1.0,184.559045,
252,2017-10-23,164.0,1.0,182.809105,
253,2017-10-24,,,,
254,2017-10-25,,,,
255,2017-10-26,165.0,1.0,189.17286,
256,2017-10-27,166.0,1.0,183.15359,
257,2017-10-28,167.0,1.0,188.01828,
258,2017-10-29,168.0,1.0,185.0350438,
259,2017-10-30,,,,
260,2017-10-31,,,,
261,2017-11-01,,,,
262,2017-11-02,,,,
263,2017-11-03,,,,
264,2017-11-04,,,,
265,2017-11-05,,,,
266,2017-11-06,169.0,1.0,184.1164033,
267,2017-11-07,170.0,1.0,184.6934973,
268,2017-11-08,171.0,1.0,181.8324071,
269,2017-11-09,172.0,1.0,179.814675,
270,2017-11-10,,,,
271,2017-11-11,,,,
272,2017-11-12,,,,
273,2017-11-13,173.0,1.0,185.70048,
274,2017-11-14,174.0,1.0,181.2588925,
275,2017-11-15,175.0,1.0,183.4930357,
276,2017-11-16,176.0,1.0,177.17063,
277,2017-11-17,,,,
278,2017-11-18,,,,
279,2017-11-19,,,,
280,2017-11-20,177.0,1.0,186.76044,
281,2017-11-21,178.0,1.0,181.07634,
282,2017-11-22,179.0,1.0,183.753662,
283,2017-11-23,180.0,1.0,177.476855,
284,2017-11-24,,,,
285,2017-11-25,,,,
286,2017-11-26,,,,
287,2017-11-27,181.0,1.0,177.918495,
288,2017-11-28,182.0,1.0,178.8761588,
289,2017-11-29,183.0,1.0,181.8096986,
290,2017-11-30,184.0,1.0,179.0377843,
291,2017-12-01,185.0,1.0,177.1922233,
292,2017-12-02,186.0,1.0,177.85667,
293,2017-12-03,187.0,1.0,181.4069267,
294,2017-12-04,188.0,1.0,177.1294117,
295,2017-12-05,,,,
296,2017-12-06,,,,
297,2017-12-07,,,,
298,2017-12-08,,,,
299,2017-12-09,,,,
300,2017-12-10,,,,
301,2017-12-11,189.0,1.0,178.28065,
302,2017-12-12,190.0,1.0,176.029685,
303,2017-12-13,191.0,1.0,176.1592425,
304,2017-12-14,192.0,1.0,174.1084875,
305,2017-12-15,,,,
306,2017-12-16,,,,
307,2017-12-17,,,,
308,2017-12-18,193.0,1.0,186.47779,
309,2017-12-19,194.0,1.0,180.91629,
310,2017-12-20,195.0,1.0,180.970638,
311,2017-12-21,196.0,1.0,184.357838,
312,2017-12-22,,,,
313,2017-12-23,,,,
314,2017-12-24,,,,
315,2017-12-25,,,,
316,2017-12-26,,,,
317,2017-12-27,,,,
318,2017-12-28,197.0,1.0,180.87023,
319,2017-12-29,198.0,1.0,176.0481733,
320,2017-12-30,199.0,1.0,172.4647913,
321,2017-12-31,200.0,1.0,175.91927,
322,2018-01-01,201.0,1.0,172.010329,
323,2018-01-02,202.0,1.0,176.2519825,
324,2018-01-03,203.0,1.0,176.36682,
325,2018-01-04,204.0,1.0,175.00456,
326,2018-01-05,,,,
327,2018-01-06,,,,
328,2018-01-07,,,,
329,2018-01-08,205.0,1.0,175.442288,
330,2018-01-09,206.0,1.0,172.84633,
331,2018-01-10,207.0,1.0,175.45848,
332,2018-01-11,208.0,1.0,169.7360967,
333,2018-01-12,,,,
334,2018-01-13,,,,
335,2018-01-14,,,,
336,2018-01-15,209.0,1.0,174.9859125,
337,2018-01-16,210.0,1.0,171.037506,
338,2018-01-17,211.0,1.0,174.82868,
339,2018-01-18,,,,
340,2018-01-19,,,,
341,2018-01-20,,,,
342,2018-01-21,,,,
343,2018-01-22,212.0,1.0,175.11841,
344,2018-01-23,213.0,1.0,172.95135,
345,2018-01-24,214.0,1.0,169.12955,
346,2018-01-25,215.0,1.0,166.2617333,
347,2018-01-26,,,,
348,2018-01-27,216.0,1.0,180.2323586,
349,2018-01-28,217.0,1.0,173.8143756,
350,2018-01-29,218.0,1.0,174.3882,
351,2018-01-30,,,,
352,2018-01-31,,,,
353,2018-02-01,219.0,1.0,176.033516,
354,2018-02-02,220.0,1.0,177.435625,
355,2018-02-03,221.0,1.0,177.3613622,
356,2018-02-04,222.0,1.0,172.2986783,
357,2018-02-05,223.0,1.0,172.4449167,
358,2018-02-06,,,,
359,2018-02-07,,,,
360,2018-02-08,224.0,1.0,178.3822425,
361,2018-02-09,225.0,1.0,171.290725,
362,2018-02-10,226.0,1.0,171.3456817,
363,2018-02-11,227.0,1.0,172.5786757,
364,2018-02-12,228.0,1.0,171.049285,
365,2018-02-13,,,,
366,2018-02-14,,,,
367,2018-02-15,229.0,1.0,187.775666,
368,2018-02-16,230.0,1.0,181.95425,
369,2018-02-17,231.0,1.0,183.7056613,
370,2018-02-18,232.0,1.0,183.7479357,
371,2018-02-19,233.0,1.0,176.7692133,
372,2018-02-20,,,,
373,2018-02-21,,,,
374,2018-02-22,234.0,1.0,179.705732,
375,2018-02-23,235.0,1.0,183.877915,
376,2018-02-24,236.0,1.0,184.7420825,
377,2018-02-25,237.0,1.0,180.8187071,
378,2018-02-26,238.0,1.0,177.58579,
379,2018-02-27,,,,
380,2018-02-28,,,,
381,2018-03-01,239.0,1.0,184.089905,
382,2018-03-02,240.0,1.0,182.0015029,
383,2018-03-03,241.0,1.0,181.1517489,
384,2018-03-04,242.0,1.0,174.0557545,
385,2018-03-05,243.0,1.0,170.29994,
386,2018-03-06,,,,
387,2018-03-07,,,,
388,2018-03-08,244.0,1.0,182.9151,
389,2018-03-09,245.0,1.0,182.61919,
390,2018-03-10,246.0,1.0,189.13165,
391,2018-03-11,247.0,1.0,183.8936083,
392,2018-03-12,,,,
393,2018-03-13,,,,
394,2018-03-14,,,,
395,2018-03-15,248.0,1.0,178.19232,
396,2018-03-16,249.0,1.0,177.62112,
397,2018-03-17,250.0,1.0,178.8430375,
398,2018-03-18,251.0,1.0,178.957865,
399,2018-03-19,252.0,1.0,177.7487067,
400,2018-03-20,,,,
401,2018-03-21,,,,
402,2018-03-22,253.0,1.0,179.5732383,
403,2018-03-23,254.0,1.0,173.81405,
404,2018-03-24,255.0,1.0,179.5644075,
405,2018-03-25,256.0,1.0,179.64537,
406,2018-03-26,257.0,1.0,173.58734,
407,2018-03-27,,,,
408,2018-03-28,,,,
409,2018-03-29,,,,
410,2018-03-30,,,,
411,2018-03-31,,,,
412,2018-04-01,,,,
413,2018-04-02,258.0,1.0,183.5452,
414,2018-04-03,259.0,1.0,180.231795,
415,2018-04-04,260.0,1.0,181.653435,
416,2018-04-05,261.0,1.0,183.06428,
417,2018-04-06,,,,
418,2018-04-07,,,,
419,2018-04-08,,,,
420,2018-04-09,262.0,1.0,181.89046,
421,2018-04-10,263.0,1.0,181.5371333,
422,2018-04-11,264.0,1.0,182.6265517,
423,2018-04-12,265.0,1.0,180.37705,
424,2018-04-13,,,,
425,2018-04-14,,,,
426,2018-04-15,,,,
427,2018-04-16,,,,
428,2018-04-17,266.0,1.0,187.0733914,
429,2018-04-18,267.0,1.0,183.224848,
430,2018-04-19,268.0,1.0,179.79799,
431,2018-04-20,269.0,1.0,176.383308,
432,2018-04-21,270.0,1.0,179.8107517,
433,2018-04-22,271.0,1.0,185.8123625,
434,2018-04-23,272.0,1.0,182.27322,
435,2018-04-24,,,,
436,2018-04-25,,,,
437,2018-04-26,273.0,1.0,186.7324775,
438,2018-04-27,274.0,1.0,185.156354,
439,2018-04-28,275.0,1.0,187.180908,
440,2018-04-29,276.0,1.0,190.066386,
441,2018-04-30,277.0,1.0,184.125235,
442,2018-05-01,,,,
443,2018-05-02,,,,
444,2018-05-03,278.0,1.0,189.61845,
445,2018-05-04,279.0,1.0,185.1116,
446,2018-05-05,280.0,1.0,186.685855,
447,2018-05-06,281.0,1.0,184.2430067,
448,2018-05-07,282.0,1.0,179.26997,
449,2018-05-08,,,,
450,2018-05-09,,,,
451,2018-05-10,283.0,1.0,193.55753,
452,2018-05-11,284.0,1.0,185.251756,
453,2018-05-12,285.0,1.0,191.6893267,
454,2018-05-13,286.0,1.0,193.411194,
455,2018-05-14,287.0,1.0,180.22983,
456,2018-05-15,,,,
457,2018-05-16,,,,
458,2018-05-17,,,,
459,2018-05-18,,,,
460,2018-05-19,,,,
461,2018-05-20,,,,
462,2018-05-21,288.0,1.0,186.44835,
463,2018-05-22,289.0,1.0,190.7530133,
464,2018-05-23,290.0,1.0,189.3824175,
465,2018-05-24,291.0,1.0,186.2814933,
466,2018-05-25,,,,
467,2018-05-26,,,,
468,2018-05-27,,,,
469,2018-05-28,292.0,1.0,193.47754,
470,2018-05-29,293.0,1.0,193.1772167,
471,2018-05-30,294.0,1.0,191.39685,
472,2018-05-31,295.0,1.0,185.70636,
473,2018-06-01,,,,
474,2018-06-02,296.0,1.0,195.4698967,
475,2018-06-03,297.0,1.0,187.9931567,
476,2018-06-04,298.0,1.0,199.904115,
477,2018-06-05,299.0,1.0,190.461525,
478,2018-06-06,,,,
479,2018-06-07,300.0,1.0,197.1776233,
480,2018-06-08,301.0,1.0,187.683808,
481,2018-06-09,302.0,1.0,189.5059089,
482,2018-06-10,303.0,1.0,187.59665,
483,2018-06-11,304.0,1.0,182.36156,
484,2018-06-12,,,,
485,2018-06-13,305.0,1.0,185.915415,
486,2018-06-14,306.0,1.0,184.979692,
487,2018-06-15,307.0,1.0,186.0685133,
488,2018-06-16,308.0,1.0,187.4023133,
489,2018-06-17,309.0,1.0,187.1819129,
490,2018-06-18,310.0,1.0,181.098425,
491,2018-06-19,,,,
492,2018-06-20,,,,
493,2018-06-21,311.0,1.0,191.9881775,
494,2018-06-22,312.0,1.0,187.283368,
495,2018-06-23,313.0,1.0,189.339725,
496,2018-06-24,314.0,1.0,185.53677,
497,2018-06-25,315.0,1.0,181.891935,
498,2018-06-26,,,,
499,2018-06-27,,,,
500,2018-06-28,,,,
501,2018-06-29,316.0,1.0,187.942908,
502,2018-06-30,317.0,1.0,186.9577275,
503,2018-07-01,318.0,1.0,193.8596556,
504,2018-07-02,319.0,1.0,187.92936,
505,2018-07-03,,,,
506,2018-07-04,,,,
507,2018-07-05,320.0,1.0,196.1883233,
508,2018-07-06,321.0,1.0,194.56597,
509,2018-07-07,322.0,1.0,190.45622,
510,2018-07-08,323.0,1.0,195.415716,
511,2018-07-09,324.0,1.0,187.89108,
512,2018-07-10,,,,
513,2018-07-11,,,,
514,2018-07-12,325.0,1.0,205.1647233,
515,2018-07-13,326.0,1.0,194.4871322,
516,2018-07-14,327.0,1.0,193.7248633,
517,2018-07-15,328.0,1.0,190.6558475,
518,2018-07-16,329.0,1.0,188.430492,
519,2018-07-17,330.0,1.0,187.377586,
520,2018-07-18,331.0,1.0,187.338718,
521,2018-07-19,332.0,1.0,186.67801,
522,2018-07-20,,,,
523,2018-07-21,,,,
524,2018-07-22,,,,
525,2018-07-23,,,,
526,2018-07-24,333.0,1.0,201.0715625,
527,2018-07-25,334.0,1.0,198.14535,
528,2018-07-26,335.0,1.0,197.0323767,
529,2018-07-27,,,,
530,2018-07-28,,,,
531,2018-07-29,,,,
532,2018-07-30,336.0,1.0,192.902405,
533,2018-07-31,337.0,1.0,187.324295,
534,2018-08-01,338.0,1.0,184.847786,
535,2018-08-02,339.0,1.0,185.671035,
536,2018-08-03,,,,
537,2018-08-04,,,,
538,2018-08-05,,,,
539,2018-08-06,340.0,1.0,192.28605,
540,2018-08-07,341.0,1.0,188.610495,
541,2018-08-08,342.0,1.0,190.6219875,
542,2018-08-09,343.0,1.0,190.0895467,
543,2018-08-10,,,,
544,2018-08-11,,,,
545,2018-08-12,,,,
546,2018-08-13,344.0,1.0,190.3643533,
547,2018-08-14,345.0,1.0,188.39988,
548,2018-08-15,346.0,1.0,187.0853083,
549,2018-08-16,347.0,1.0,188.0402733,
550,2018-08-17,,,,
551,2018-08-18,,,,
552,2018-08-19,348.0,1.0,189.54877,
553,2018-08-20,349.0,1.0,187.4523725,
554,2018-08-21,350.0,1.0,189.4000725,
555,2018-08-22,351.0,1.0,190.288785,
556,2018-08-23,352.0,1.0,192.009674,
557,2018-08-24,,,,
558,2018-08-25,,,,
559,2018-08-26,,,,
560,2018-08-27,353.0,1.0,190.69707,
561,2018-08-28,354.0,1.0,189.9311143,
562,2018-08-29,355.0,1.0,189.9824271,
563,2018-08-30,356.0,1.0,186.65445,
564,2018-08-31,,,,
565,2018-09-01,,,,
566,2018-09-02,,,,
567,2018-09-03,,,,
568,2018-09-04,,,,
569,2018-09-05,,,,
570,2018-09-06,357.0,1.0,194.11941,
571,2018-09-07,358.0,1.0,191.0600643,
572,2018-09-08,359.0,1.0,191.3340333,
573,2018-09-09,360.0,1.0,194.40235,
574,2018-09-10,361.0,1.0,188.91573,
575,2018-09-11,362.0,1.0,194.76324,
576,2018-09-12,,,,
577,2018-09-13,,,,
578,2018-09-14,,,,
579,2018-09-15,,,,
580,2018-09-16,363.0,1.0,186.97539,
581,2018-09-17,364.0,1.0,187.79687,
582,2018-09-18,365.0,1.0,188.794025,
583,2018-09-19,366.0,1.0,188.82739,
584,2018-09-20,367.0,1.0,182.06123,
585,2018-09-21,,,,
586,2018-09-22,,,,
587,2018-09-23,,,,
588,2018-09-24,,,,
589,2018-09-25,368.0,1.0,189.363272,
590,2018-09-26,369.0,1.0,183.9102967,
591,2018-09-27,370.0,1.0,180.21216,
592,2018-09-28,,,,
593,2018-09-29,,,,
594,2018-09-30,,,,
595,2018-10-01,371.0,1.0,183.848465,
596,2018-10-02,372.0,1.0,187.47594,
597,2018-10-03,373.0,1.0,184.243995,
598,2018-10-04,374.0,1.0,179.5987517,
599,2018-10-05,,,,
600,2018-10-06,,,,
601,2018-10-07,,,,
602,2018-10-08,375.0,1.0,188.15902,
603,2018-10-09,376.0,1.0,183.471585,
604,2018-10-10,377.0,1.0,183.16635,
605,2018-10-11,378.0,1.0,185.21956,
606,2018-10-12,,,,
607,2018-10-13,,,,
608,2018-10-14,,,,
609,2018-10-15,379.0,1.0,181.3153233,
610,2018-10-16,380.0,1.0,182.083608,
611,2018-10-17,381.0,1.0,181.8649422,
612,2018-10-18,382.0,1.0,181.068985,
613,2018-10-19,,,,
614,2018-10-20,,,,
615,2018-10-21,,,,
616,2018-10-22,383.0,1.0,185.27649,
617,2018-10-23,384.0,1.0,183.206595,
618,2018-10-24,385.0,1.0,181.498855,
619,2018-10-25,386.0,1.0,179.4407433,
620,2018-10-26,,,,
621,2018-10-27,,,,
622,2018-10-28,,,,
623,2018-10-29,387.0,1.0,181.3663567,
624,2018-10-30,388.0,1.0,180.2051,
625,2018-10-31,389.0,1.0,178.444065,
626,2018-11-01,390.0,1.0,175.866275,
627,2018-11-02,,,,
628,2018-11-03,,,,
629,2018-11-04,,,,
630,2018-11-05,391.0,1.0,189.857925,
631,2018-11-06,392.0,1.0,189.2528575,
632,2018-11-07,393.0,1.0,180.47127,
633,2018-11-08,394.0,1.0,181.17498,
634,2018-11-09,395.0,1.0,179.6615683,
635,2018-11-10,396.0,1.0,178.9529533,
636,2018-11-11,397.0,1.0,180.450072,
637,2018-11-12,398.0,1.0,173.97599,
638,2018-11-13,,,,
639,2018-11-14,,,,
640,2018-11-15,399.0,1.0,186.86057,
641,2018-11-16,400.0,1.0,180.0988075,
642,2018-11-17,401.0,1.0,179.878862,
643,2018-11-18,402.0,1.0,179.2199167,
644,2018-11-19,403.0,1.0,177.01654,
645,2018-11-20,,,,
646,2018-11-21,,,,
647,2018-11-22,404.0,1.0,176.3785967,
648,2018-11-23,405.0,1.0,175.6380875,
649,2018-11-24,406.0,1.0,179.443094,
650,2018-11-25,407.0,1.0,175.9153467,
651,2018-11-26,408.0,1.0,173.0553867,
652,2018-11-27,,,,
653,2018-11-28,,,,
654,2018-11-29,409.0,1.0,177.930275,
655,2018-11-30,410.0,1.0,175.021245,
656,2018-12-01,411.0,1.0,176.784918,
657,2018-12-02,412.0,1.0,172.256482,
658,2018-12-03,413.0,1.0,174.574288,
659,2018-12-04,414.0,1.0,168.88223,
660,2018-12-05,,,,
661,2018-12-06,415.0,1.0,174.738585,
662,2018-12-07,416.0,1.0,174.755656,
663,2018-12-08,417.0,1.0,175.13607,
664,2018-12-09,418.0,1.0,176.1410833,
665,2018-12-10,419.0,1.0,175.7857967,
666,2018-12-11,,,,
667,2018-12-12,,,,
668,2018-12-13,,,,
669,2018-12-14,,,,
670,2018-12-15,,,,
671,2018-12-16,,,,
672,2018-12-17,420.0,1.0,181.3761733,
673,2018-12-18,421.0,1.0,175.7102275,
674,2018-12-19,422.0,1.0,171.951439,
675,2018-12-20,423.0,1.0,169.656595,
676,2018-12-21,,,,
677,2018-12-22,,,,
678,2018-12-23,,,,
679,2018-12-24,424.0,1.0,174.23215,
680,2018-12-25,425.0,1.0,171.104644,
681,2018-12-26,426.0,1.0,170.1041425,
682,2018-12-27,427.0,1.0,165.6375267,
683,2018-12-28,,,,
684,2018-12-29,,,,
685,2018-12-30,,,,
686,2018-12-31,428.0,1.0,171.69705,
687,2019-01-01,429.0,1.0,174.0746263,
688,2019-01-02,430.0,1.0,173.4636667,
689,2019-01-03,431.0,1.0,169.697815,
690,2019-01-04,,,,
691,2019-01-05,,,,
692,2019-01-06,,,,
693,2019-01-07,,,,
694,2019-01-08,,,,
695,2019-01-09,,,,
696,2019-01-10,432.0,1.0,173.93281,
697,2019-01-11,433.0,1.0,172.6470967,
698,2019-01-12,434.0,1.0,171.3041857,
699,2019-01-13,435.0,1.0,171.1998686,
700,2019-01-14,436.0,1.0,170.3396925,
701,2019-01-15,,,,
702,2019-01-16,,,,
703,2019-01-17,437.0,1.0,175.5109867,
704,2019-01-18,438.0,1.0,173.9818789,
705,2019-01-19,439.0,1.0,171.1611733,
706,2019-01-20,440.0,1.0,169.400439,
707,2019-01-21,441.0,1.0,171.858985,
708,2019-01-22,,,,
709,2019-01-23,,,,
710,2019-01-24,442.0,1.0,171.8128633,
711,2019-01-25,443.0,1.0,171.549825,
712,2019-01-26,444.0,1.0,174.4816825,
713,2019-01-27,445.0,1.0,171.7186367,
714,2019-01-28,446.0,1.0,171.069905,
715,2019-01-29,,,,
716,2019-01-30,,,,
717,2019-01-31,447.0,1.0,173.448945,
718,2019-02-01,448.0,1.0,172.815905,
719,2019-02-02,449.0,1.0,173.7679183,
720,2019-02-03,450.0,1.0,172.8640017,
721,2019-02-04,451.0,1.0,169.58298,
722,2019-02-05,,,,
723,2019-02-06,,,,
724,2019-02-07,452.0,1.0,170.1679333,
725,2019-02-08,453.0,1.0,167.6259633,
726,2019-02-09,454.0,1.0,170.3485229,
727,2019-02-10,455.0,1.0,174.73143,
728,2019-02-11,,,,
729,2019-02-12,,,,
730,2019-02-13,,,,
731,2019-02-14,456.0,1.0,173.88324,
732,2019-02-15,457.0,1.0,172.6578917,
733,2019-02-16,458.0,1.0,175.0977925,
734,2019-02-17,459.0,1.0,175.3676967,
735,2019-02-18,460.0,1.0,169.8578,
736,2019-02-19,,,,
737,2019-02-20,,,,
738,2019-02-21,461.0,1.0,171.57927,
739,2019-02-22,462.0,1.0,172.5568,
740,2019-02-23,463.0,1.0,172.0938,
741,2019-02-24,464.0,1.0,173.045564,
742,2019-02-25,465.0,1.0,171.617545,
743,2019-02-26,,,,
744,2019-02-27,,,,
745,2019-02-28,466.0,1.0,183.293445,
746,2019-03-01,467.0,1.0,176.6082557,
747,2019-03-02,468.0,1.0,167.1767025,
748,2019-03-03,469.0,1.0,169.57121,
749,2019-03-04,470.0,1.0,165.62281,
750,2019-03-05,,,,
751,2019-03-06,,,,
752,2019-03-07,471.0,1.0,175.45112,
753,2019-03-08,472.0,1.0,170.24606,
754,2019-03-09,473.0,1.0,166.8722033,
755,2019-03-10,474.0,1.0,168.83512,
756,2019-03-11,475.0,1.0,163.21725,
757,2019-03-12,,,,
758,2019-03-13,,,,
759,2019-03-14,476.0,1.0,176.2784867,
760,2019-03-15,477.0,1.0,170.34853,
761,2019-03-16,478.0,1.0,177.8110325,
762,2019-03-17,479.0,1.0,176.27613,
763,2019-03-18,480.0,1.0,172.9415333,
764,2019-03-19,,,,
765,2019-03-20,,,,
766,2019-03-21,481.0,1.0,175.836828,
767,2019-03-22,482.0,1.0,173.8918643,
768,2019-03-23,483.0,1.0,178.413744,
769,2019-03-24,484.0,1.0,179.953066,
770,2019-03-25,485.0,1.0,176.81829,
771,2019-03-26,,,,
772,2019-03-27,,,,
773,2019-03-28,486.0,1.0,175.094845,
774,2019-03-29,487.0,1.0,176.46693,
775,2019-03-30,488.0,1.0,176.2658671,
776,2019-03-31,489.0,1.0,177.6707586,
777,2019-04-01,490.0,1.0,181.1582933,
778,2019-04-02,,,,
779,2019-04-03,,,,
780,2019-04-04,491.0,1.0,188.72336,
781,2019-04-05,492.0,1.0,184.12902,
782,2019-04-06,493.0,1.0,184.218866,
783,2019-04-07,494.0,1.0,183.917366,
784,2019-04-08,495.0,1.0,180.39472,
785,2019-04-09,,,,
786,2019-04-10,,,,
787,2019-04-11,496.0,1.0,180.405316,
788,2019-04-12,497.0,1.0,180.053168,
789,2019-04-13,498.0,1.0,176.91006,
790,2019-04-14,499.0,1.0,177.38675,
791,2019-04-15,500.0,1.0,175.94577,
792,2019-04-16,,,,
793,2019-04-17,,,,
794,2019-04-18,501.0,1.0,184.6522733,
795,2019-04-19,502.0,1.0,185.349504,
796,2019-04-20,503.0,1.0,183.49612,
797,2019-04-21,504.0,1.0,181.840405,
798,2019-04-22,505.0,1.0,183.591325,
799,2019-04-23,506.0,1.0,181.607795,
800,2019-04-24,,,,
801,2019-04-25,507.0,1.0,176.998092,
802,2019-04-26,508.0,1.0,175.1235588,
803,2019-04-27,509.0,1.0,177.356124,
804,2019-04-28,510.0,1.0,179.4005,
805,2019-04-29,511.0,1.0,175.14196,
806,2019-04-30,,,,
807,2019-05-01,,,,
808,2019-05-02,,,,
809,2019-05-03,,,,
810,2019-05-04,,,,
811,2019-05-05,,,,
812,2019-05-06,512.0,1.0,189.0727567,
813,2019-05-07,513.0,1.0,186.3886143,
814,2019-05-08,514.0,1.0,180.0826167,
815,2019-05-09,515.0,1.0,181.195586,
816,2019-05-10,,,,
817,2019-05-11,,,,
818,2019-05-12,,,,
819,2019-05-13,516.0,1.0,187.652002,
820,2019-05-14,517.0,1.0,180.3711629,
821,2019-05-15,518.0,1.0,189.675375,
822,2019-05-16,519.0,1.0,180.78337,
823,2019-05-17,,,,
824,2019-05-18,,,,
825,2019-05-19,,,,
826,2019-05-20,520.0,1.0,178.5162,
827,2019-05-21,,,,
828,2019-05-22,,,,
829,2019-05-23,521.0,1.0,187.38466,
830,2019-05-24,522.0,1.0,187.465918,
831,2019-05-25,523.0,1.0,183.6453,
832,2019-05-26,524.0,1.0,186.4862,
833,2019-05-27,525.0,1.0,188.13168,
834,2019-05-28,526.0,1.0,183.568745,
835,2019-05-29,,,,
836,2019-05-30,527.0,1.0,195.2873433,
837,2019-05-31,528.0,1.0,187.9764717,
838,2019-06-01,529.0,1.0,189.2032917,
839,2019-06-02,530.0,1.0,188.7935325,
840,2019-06-03,531.0,1.0,185.2470443,
841,2019-06-04,532.0,1.0,190.7677325,
842,2019-06-05,533.0,1.0,191.0499743,
843,2019-06-06,534.0,1.0,191.8277117,
844,2019-06-07,535.0,1.0,194.192046,
845,2019-06-08,536.0,1.0,187.7065733,
846,2019-06-09,537.0,1.0,186.343526,
847,2019-06-10,538.0,1.0,181.04248,
848,2019-06-11,539.0,1.0,195.081235,
849,2019-06-12,,,,
850,2019-06-13,540.0,1.0,192.1270533,
851,2019-06-14,541.0,1.0,191.8816967,
852,2019-06-15,542.0,1.0,193.95648,
853,2019-06-16,543.0,1.0,196.04258,
854,2019-06-17,544.0,1.0,187.031335,
855,2019-06-18,,,,
856,2019-06-19,,,,
857,2019-06-20,545.0,1.0,190.21124,
858,2019-06-21,546.0,1.0,187.9882475,
859,2019-06-22,547.0,1.0,193.50642,
860,2019-06-23,548.0,1.0,193.563122,
861,2019-06-24,549.0,1.0,190.023988,
862,2019-06-25,,,,
863,2019-06-26,,,,
864,2019-06-27,550.0,1.0,199.692126,
865,2019-06-28,551.0,1.0,196.6579488,
866,2019-06-29,552.0,1.0,192.768435,
867,2019-06-30,553.0,1.0,187.60607,
868,2019-07-01,554.0,1.0,182.40277,
869,2019-07-02,,,,
870,2019-07-03,,,,
871,2019-07-04,555.0,1.0,193.347,
872,2019-07-05,556.0,1.0,191.545052,
873,2019-07-06,557.0,1.0,189.4145857,
874,2019-07-07,558.0,1.0,192.2318225,
875,2019-07-08,559.0,1.0,190.0552025,
876,2019-07-09,560.0,1.0,185.83885,
877,2019-07-10,,,,
878,2019-07-11,561.0,1.0,190.691175,
879,2019-07-12,562.0,1.0,193.798965,
880,2019-07-13,563.0,1.0,190.6720475,
881,2019-07-14,564.0,1.0,192.7080743,
882,2019-07-15,565.0,1.0,186.6387433,
883,2019-07-16,,,,
884,2019-07-17,,,,
885,2019-07-18,566.0,1.0,199.5678044,
886,2019-07-19,567.0,1.0,194.1532717,
887,2019-07-20,568.0,1.0,192.30091,
888,2019-07-21,569.0,1.0,193.2432163,
889,2019-07-22,570.0,1.0,186.20691,
890,2019-07-23,,,,
891,2019-07-24,,,,
892,2019-07-25,571.0,1.0,194.70436,
893,2019-07-26,572.0,1.0,192.1319617,
894,2019-07-27,573.0,1.0,192.080925,
895,2019-07-28,574.0,1.0,194.8672767,
896,2019-07-29,575.0,1.0,195.8310711,
897,2019-07-30,576.0,1.0,194.642525,
898,2019-07-31,577.0,1.0,199.8471944,
899,2019-08-01,578.0,1.0,191.44396,
900,2019-08-02,579.0,1.0,191.368385,
901,2019-08-03,580.0,1.0,194.38563,
902,2019-08-04,581.0,1.0,190.58812,
903,2019-08-05,,,,
904,2019-08-06,,,,
905,2019-08-07,,,,
906,2019-08-08,582.0,1.0,194.38636,
907,2019-08-09,583.0,1.0,191.492785,
908,2019-08-10,584.0,1.0,197.1828644,
909,2019-08-11,585.0,1.0,190.53513,
910,2019-08-12,586.0,1.0,189.5890067,
911,2019-08-13,587.0,1.0,190.3214529,
912,2019-08-14,588.0,1.0,194.336906,
913,2019-08-15,589.0,1.0,190.62641,
914,2019-08-16,,,,
915,2019-08-17,,,,
916,2019-08-18,,,,
917,2019-08-19,590.0,1.0,197.449692,
918,2019-08-20,591.0,1.0,197.97261,
919,2019-08-21,592.0,1.0,195.432206,
920,2019-08-22,593.0,1.0,186.012575,
921,2019-08-23,,,,
922,2019-08-24,,,,
923,2019-08-25,,,,
924,2019-08-26,594.0,1.0,197.9314,
925,2019-08-27,595.0,1.0,191.386642,
926,2019-08-28,596.0,1.0,192.558502,
927,2019-08-29,597.0,1.0,190.5553186,
928,2019-08-30,,,,
929,2019-08-31,,,,
930,2019-09-01,,,,
931,2019-09-02,,,,
932,2019-09-03,598.0,1.0,195.96455,
933,2019-09-04,599.0,1.0,194.515925,
934,2019-09-05,600.0,1.0,192.267602,
935,2019-09-06,601.0,1.0,194.479412,
936,2019-09-07,602.0,1.0,198.640975,
937,2019-09-08,603.0,1.0,194.6614557,
938,2019-09-09,604.0,1.0,187.84005,
939,2019-09-10,,,,
940,2019-09-11,,,,
941,2019-09-12,605.0,1.0,195.34859,
942,2019-09-13,606.0,1.0,192.1221467,
943,2019-09-14,607.0,1.0,192.9799417,
944,2019-09-15,608.0,1.0,188.75158,
945,2019-09-16,609.0,1.0,187.3650267,
946,2019-09-17,,,,
947,2019-09-18,,,,
948,2019-09-19,610.0,1.0,194.270065,
949,2019-09-20,611.0,1.0,190.6830044,
950,2019-09-21,612.0,1.0,191.5877475,
951,2019-09-22,613.0,1.0,186.46769,
952,2019-09-23,614.0,1.0,185.319175,
953,2019-09-24,,,,
954,2019-09-25,,,,
955,2019-09-26,615.0,1.0,190.931145,
956,2019-09-27,616.0,1.0,190.683526,
957,2019-09-28,617.0,1.0,188.2699283,
958,2019-09-29,618.0,1.0,190.12527,
959,2019-09-30,619.0,1.0,183.66296,
960,2019-10-01,,,,
961,2019-10-02,,,,
962,2019-10-03,620.0,1.0,191.12989,
963,2019-10-04,621.0,1.0,192.1200443,
964,2019-10-05,622.0,1.0,188.7758688,
965,2019-10-06,623.0,1.0,189.0236867,
966,2019-10-07,624.0,1.0,185.9635067,
967,2019-10-08,,,,
968,2019-10-09,,,,
969,2019-10-10,625.0,1.0,188.5859567,
970,2019-10-11,626.0,1.0,187.171476,
971,2019-10-12,627.0,1.0,186.104438,
972,2019-10-13,628.0,1.0,187.3333357,
973,2019-10-14,629.0,1.0,183.936795,
974,2019-10-15,,,,
975,2019-10-16,,,,
976,2019-10-17,630.0,1.0,188.4485533,
977,2019-10-18,631.0,1.0,186.610874,
978,2019-10-19,632.0,1.0,187.24921,
979,2019-10-20,633.0,1.0,187.120836,
980,2019-10-21,634.0,1.0,187.344612,
981,2019-10-22,635.0,1.0,183.9582429,
982,2019-10-23,636.0,1.0,185.1930567,
983,2019-10-24,637.0,1.0,181.69466,
984,2019-10-25,,,,
985,2019-10-26,,,,
986,2019-10-27,,,,
987,2019-10-28,638.0,1.0,175.66606,
988,2019-10-29,639.0,1.0,185.952215,
989,2019-10-30,640.0,1.0,187.3306683,
990,2019-10-31,641.0,1.0,179.743426,
991,2019-11-01,,,,
992,2019-11-02,,,,
993,2019-11-03,,,,
994,2019-11-04,642.0,1.0,186.4777825,
995,2019-11-05,643.0,1.0,183.703014,
996,2019-11-06,644.0,1.0,183.281378,
997,2019-11-07,645.0,1.0,180.564015,
998,2019-11-08,646.0,1.0,182.7017933,
999,2019-11-09,647.0,1.0,180.39556,
1000,2019-11-10,648.0,1.0,176.57489,
1001,2019-11-11,649.0,1.0,173.9009075,
1002,2019-11-12,,,,
1003,2019-11-13,,,,
1004,2019-11-14,650.0,1.0,181.089585,
1005,2019-11-15,651.0,1.0,179.9656843,
1006,2019-11-16,652.0,1.0,178.3513257,
1007,2019-11-17,653.0,1.0,178.877778,
1008,2019-11-18,654.0,1.0,175.3186267,
1009,2019-11-19,,,,
1010,2019-11-20,,,,
1011,2019-11-21,655.0,1.0,176.428645,
1012,2019-11-22,656.0,1.0,175.2266113,
1013,2019-11-23,657.0,1.0,178.6369267,
1014,2019-11-24,658.0,1.0,174.609614,
1015,2019-11-25,659.0,1.0,178.0509983,
1016,2019-11-26,660.0,1.0,180.07157,
1017,2019-11-27,661.0,1.0,176.630335,
1018,2019-11-28,662.0,1.0,178.4889725,
1019,2019-11-29,663.0,1.0,178.4227275,
1020,2019-11-30,664.0,1.0,178.710535,
1021,2019-12-01,665.0,1.0,179.214618,
1022,2019-12-02,666.0,1.0,177.3826233,
1023,2019-12-03,667.0,1.0,177.8115217,
1024,2019-12-04,668.0,1.0,177.4753738,
1025,2019-12-05,669.0,1.0,173.9681367,
1026,2019-12-06,,,,
1027,2019-12-07,,,,
1028,2019-12-08,,,,
1029,2019-12-09,670.0,1.0,179.5246525,
1030,2019-12-10,671.0,1.0,178.103996,
1031,2019-12-11,672.0,1.0,177.48921,
1032,2019-12-12,673.0,1.0,179.4201325,
1033,2019-12-13,,,,
1034,2019-12-14,,,,
1035,2019-12-15,,,,
1036,2019-12-16,674.0,1.0,180.773952,
1037,2019-12-17,675.0,1.0,178.4278771,
1038,2019-12-18,676.0,1.0,178.993198,
1039,2019-12-19,677.0,1.0,177.7231933,
1040,2019-12-20,,,,
1041,2019-12-21,,,,
1042,2019-12-22,,,,
1043,2019-12-23,678.0,1.0,177.4051933,
1044,2019-12-24,679.0,1.0,175.3583725,
1045,2019-12-25,680.0,1.0,175.710225,
1046,2019-12-26,681.0,1.0,171.9051167,
1047,2019-12-27,,,,
1048,2019-12-28,,,,
1049,2019-12-29,,,,
1050,2019-12-30,682.0,1.0,179.2257975,
1051,2019-12-31,683.0,1.0,174.87579,
1052,2020-01-01,684.0,1.0,177.340816,
1053,2020-01-02,685.0,1.0,172.047425,
1054,2020-01-03,,,,
1055,2020-01-04,,,,
1056,2020-01-05,,,,
1057,2020-01-06,,,,
1058,2020-01-07,686.0,1.0,176.4702929,
1059,2020-01-08,687.0,1.0,172.069214,
1060,2020-01-09,688.0,1.0,170.0482,
1061,2020-01-10,,,,
1062,2020-01-11,,,,
1063,2020-01-12,,,,
1064,2020-01-13,689.0,1.0,174.097292,
1065,2020-01-14,690.0,1.0,174.14087,
1066,2020-01-15,691.0,1.0,173.441294,
1067,2020-01-16,692.0,1.0,169.03828,
1068,2020-01-17,,,,
1069,2020-01-18,,,,
1070,2020-01-19,,,,
1071,2020-01-20,693.0,1.0,178.60159,
1072,2020-01-21,694.0,1.0,176.1827975,
1073,2020-01-22,695.0,1.0,176.30036,
1074,2020-01-23,696.0,1.0,172.598024,
